Favorite_Subject,Chosen_University,English,Math,Address,Average_Score,Gender,English_Proficiency,Chemistry,Programming / coding clubs,Bio,Physics,ICT,Building miniatures / models,Study_Country,"Volunteering at hospitals, clinics, or NGOs",Parents_Education_Encoded,Hackathons / App development projects,Personality_Trait,Family_Lifestyle_Encoded,Business,Study_Method,Age_Group,DIY projects,Model building recognition,Student Council / Leadership Roles,Influence,DIY / Project recognition,Study_Habit,Debate / Public Speaking,Career_Interest
6,80,76.0,95.0,48,86.2,0,0,89.0,0,0.0,0.0,83.0,0,6,1,1,0,8,1.0,88.0,1,1,0,0,1,1,0,2,1,0
6,99,92.0,85.0,25,85.66666666666667,1,2,80.0,0,0.0,80.0,87.0,1,4,0,1,0,7,2.0,90.0,1,0,1,0,1,1,0,0,1,0
4,99,73.0,54.0,26,66.4,1,0,75.0,1,69.0,61.0,0.0,0,7,0,1,0,12,1.0,0.0,2,2,0,0,0,1,0,4,0,1
2,99,74.0,50.0,25,71.6,0,2,75.0,0,90.0,69.0,0.0,0,6,0,1,0,4,1.0,0.0,2,1,0,0,1,1,0,1,0,2
4,24,60.0,79.0,25,62.0,0,2,56.0,0,58.0,57.0,0.0,0,4,0,1,0,4,2.0,0.0,2,2,1,0,0,1,1,0,0,1
2,99,98.0,86.0,31,85.8,1,2,86.0,0,80.0,79.0,0.0,0,18,0,1,0,0,0.0,0.0,1,1,0,0,0,1,0,2,1,1
4,99,63.0,96.0,36,87.0,0,2,93.0,1,0.0,91.0,92.0,0,1,0,1,1,8,1.0,0.0,1,2,0,0,0,1,0,0,0,1
4,71,90.0,97.0,25,86.5,0,2,86.0,0,0.0,84.0,82.0,1,6,0,1,0,14,1.0,80.0,2,1,1,0,1,1,0,0,1,3
2,88,42.0,64.0,24,51.5,0,1,43.0,0,0.0,57.0,0.0,0,23,0,0,0,2,0.0,0.0,1,1,0,0,0,0,0,0,1,0
6,31,78.0,82.0,48,79.91666666666667,0,2,80.0,0,81.5,78.0,80.0,0,6,1,1,0,12,2.0,0.0,1,1,0,0,0,0,0,2,0,2
2,99,80.0,92.0,48,89.16666666666667,0,0,91.0,0,89.0,93.0,90.0,0,6,0,1,0,1,2.0,0.0,1,1,0,0,1,1,0,1,0,2
2,39,90.0,88.0,49,74.0,0,2,85.0,0,60.0,78.0,67.0,0,20,1,1,0,13,1.0,50.0,2,1,0,0,0,1,1,0,0,2
3,99,80.0,90.0,48,80.0,1,2,0.0,1,0.0,70.0,80.0,0,15,0,1,1,9,2.0,0.0,0,1,1,0,0,1,0,1,0,1
3,102,63.0,68.0,54,79.0,1,2,88.0,0,94.0,82.0,0.0,0,18,1,0,0,12,1.0,0.0,1,1,0,0,0,1,0,4,0,2
4,99,54.0,56.0,18,49.42857142857143,0,1,41.0,0,55.0,40.0,50.0,0,5,0,0,0,9,2.0,50.0,1,1,0,0,0,0,0,4,1,2
4,96,80.0,89.0,57,84.5,1,2,0.0,1,0.0,0.0,0.0,0,11,0,1,0,8,1.0,0.0,1,1,0,0,0,0,0,0,1,1
6,99,82.0,86.0,25,81.83333333333333,0,2,85.0,0,76.0,78.0,84.0,0,4,0,1,0,9,2.0,0.0,2,1,1,0,0,0,0,0,0,2
4,62,70.0,83.0,48,79.5,0,2,0.0,0,0.0,0.0,75.0,0,0,1,1,0,1,2.0,90.0,1,1,0,0,1,1,0,2,1,0
6,99,81.0,94.0,48,90.0,0,0,94.0,0,95.0,93.0,83.0,0,10,0,1,0,12,2.0,0.0,1,1,0,0,1,1,0,4,1,2
6,106,95.0,97.0,25,95.75,0,0,94.0,0,97.0,0.0,0.0,0,18,0,1,0,6,2.0,0.0,1,2,0,0,0,1,0,0,1,2
6,99,80.0,97.0,22,87.4,0,2,96.0,0,0.0,94.0,70.0,0,14,0,1,0,15,1.0,0.0,1,1,1,0,0,1,1,0,0,3
4,99,90.0,84.0,26,88.4,1,2,84.0,0,86.0,98.0,0.0,0,18,0,1,0,10,1.0,0.0,1,0,0,0,0,0,0,0,1,2
3,21,82.0,68.0,28,62.25,1,2,43.0,1,0.0,56.0,0.0,0,5,0,1,0,2,2.0,0.0,2,1,0,0,0,0,0,4,0,1
2,50,85.0,95.0,25,88.66666666666667,1,0,80.0,1,90.0,85.0,97.0,0,10,0,1,1,10,2.0,0.0,1,0,0,0,0,1,0,3,0,1
4,99,43.0,91.0,25,65.33333333333333,1,2,30.0,0,88.0,75.0,65.0,0,4,0,0,0,2,2.0,0.0,2,1,1,0,0,1,0,0,0,3
5,25,78.0,34.0,25,55.0,0,2,0.0,0,0.0,78.0,30.0,0,6,0,1,0,15,2.0,0.0,2,1,0,0,1,1,0,0,0,1
3,99,70.0,85.0,25,76.75,1,1,0.0,0,0.0,76.0,76.0,0,4,0,1,0,3,1.0,0.0,2,1,1,0,0,0,0,1,0,3
2,85,92.0,76.0,8,82.0,0,2,68.0,0,90.0,80.0,86.0,0,0,1,1,0,13,1.0,0.0,1,1,0,0,0,0,0,1,0,2
3,99,70.0,96.0,25,90.75,0,1,0.0,0,0.0,98.0,99.0,0,14,1,1,0,14,0.0,0.0,1,1,0,0,0,1,0,1,0,1
6,60,85.0,90.0,37,86.42857142857143,0,2,85.0,0,90.0,95.0,85.0,0,0,1,1,0,10,1.0,75.0,1,1,0,0,0,0,0,0,0,2
2,99,65.0,56.0,48,69.0,1,1,0.0,0,0.0,0.0,86.0,0,6,0,0,0,6,2.0,0.0,1,1,0,0,0,1,0,3,1,1
0,100,85.0,72.0,26,85.14285714285714,0,2,91.0,0,96.0,82.0,100.0,0,4,0,1,0,8,2.0,70.0,2,1,1,0,0,1,1,4,0,0
4,99,90.0,90.0,25,87.5,0,0,0.0,0,0.0,80.0,90.0,0,4,0,1,0,12,1.0,0.0,2,1,1,0,0,0,0,1,0,1
2,99,95.0,55.0,25,83.57142857142857,0,2,95.0,0,90.0,90.0,80.0,0,14,0,1,0,3,1.0,80.0,1,1,1,0,0,0,0,0,0,1
2,95,83.0,82.0,25,67.66666666666667,0,2,0.0,0,0.0,0.0,38.0,0,6,0,1,0,11,1.0,0.0,2,1,1,0,0,1,1,3,1,0
2,75,83.0,78.0,26,75.625,0,0,0.0,0,0.0,72.5,69.0,0,0,0,1,0,3,2.0,0.0,1,1,0,0,0,1,0,1,1,1
3,99,89.0,77.0,25,82.33333333333333,1,0,65.0,0,90.0,86.0,87.0,0,4,0,1,0,14,1.0,0.0,1,1,0,0,0,1,0,0,1,2
4,99,60.0,70.0,28,67.5,0,2,0.0,0,0.0,0.0,60.0,0,4,0,1,0,14,1.0,80.0,1,1,1,0,0,1,0,0,1,0
4,99,44.5,88.0,54,64.7,1,1,45.0,0,0.0,76.0,70.0,1,0,0,0,0,2,2.0,0.0,0,1,0,0,0,1,0,0,0,3
2,14,80.0,60.0,25,55.833333333333336,1,2,50.0,0,0.0,40.0,60.0,0,18,0,0,0,12,2.0,45.0,2,1,0,0,0,0,0,4,1,0
4,59,80.0,75.0,25,73.0,0,2,70.0,0,0.0,75.0,65.0,1,4,1,1,0,13,2.0,0.0,2,1,1,0,0,0,1,1,0,0
4,104,45.0,85.0,25,80.33333333333333,0,2,95.0,0,83.0,89.0,85.0,1,4,0,0,0,14,2.0,0.0,1,1,0,0,0,1,0,1,0,3
4,99,70.0,95.0,48,80.0,1,2,80.0,0,0.0,82.0,0.0,1,18,1,0,0,12,0.0,73.0,1,1,0,1,0,0,0,1,0,3
4,99,65.0,60.0,25,66.25,0,2,0.0,1,0.0,70.0,70.0,0,0,0,1,0,12,2.0,0.0,1,1,0,0,0,0,0,1,0,1
0,38,62.0,56.0,26,70.4,0,0,74.0,0,0.0,78.0,0.0,0,4,1,1,0,11,2.0,82.0,1,1,0,0,0,0,0,1,0,0
5,63,64.0,95.0,35,86.4,0,2,0.0,0,0.0,92.0,91.0,1,4,0,1,0,15,2.0,90.0,1,1,0,1,0,0,0,4,0,3
6,99,95.0,95.0,25,93.0,1,0,90.0,0,90.0,93.0,95.0,0,18,0,1,0,9,2.0,93.0,1,2,0,0,0,1,0,0,1,0
1,33,72.0,70.0,25,75.71428571428571,0,1,90.0,0,90.0,70.0,68.0,0,3,1,1,0,13,2.0,70.0,2,2,0,0,0,1,0,1,0,2
1,99,90.0,93.0,25,93.0,1,0,94.0,0,90.0,98.0,0.0,0,6,1,1,0,10,2.0,0.0,1,1,0,0,0,1,0,2,0,2
2,103,94.0,78.0,26,86.0,0,1,0.0,0,0.0,0.0,0.0,0,13,0,0,0,12,2.0,0.0,1,1,1,0,0,1,1,4,0,1
2,99,42.0,50.0,26,44.25,0,2,42.0,0,0.0,43.0,0.0,1,0,0,0,0,8,1.0,0.0,1,2,1,0,0,1,1,1,1,0
2,20,75.0,80.0,26,85.0,0,2,90.0,0,90.0,90.0,0.0,0,5,1,1,0,14,1.0,0.0,1,1,0,0,1,0,0,1,1,2
2,48,61.0,80.0,17,75.2,0,1,80.0,0,89.0,66.0,0.0,0,5,1,0,0,14,1.0,0.0,1,2,0,0,0,0,0,1,0,2
4,2,88.0,83.0,25,87.25,1,2,0.0,1,0.0,89.0,89.0,0,4,0,1,0,8,2.0,0.0,1,1,0,0,1,1,0,1,1,1
4,68,62.0,89.0,2,72.57142857142857,1,1,68.0,1,54.0,72.0,92.0,0,0,0,0,0,2,1.0,71.0,2,1,0,0,0,1,0,1,0,1
2,74,68.0,68.0,25,66.42857142857143,0,2,72.0,0,44.0,66.0,81.0,0,6,0,1,0,8,1.0,66.0,1,2,1,0,1,1,0,1,1,0
0,99,80.0,60.0,27,75.8,0,2,0.0,0,89.0,0.0,80.0,0,7,0,1,0,12,2.0,70.0,1,1,0,0,1,0,0,3,1,0
2,10,60.0,50.0,32,61.6,0,2,60.0,0,0.0,68.0,0.0,0,5,0,1,0,12,1.0,70.0,2,2,0,0,1,0,0,4,0,0
4,9,60.0,83.0,5,72.75,1,2,0.0,0,0.0,75.0,73.0,0,5,0,1,0,11,2.0,0.0,2,1,1,0,0,1,0,2,0,3
4,99,50.0,80.0,26,71.0,0,2,75.0,0,0.0,70.0,80.0,0,19,0,1,0,13,1.0,0.0,1,1,1,0,0,1,0,0,1,3
3,73,79.0,85.0,23,84.8,1,2,93.0,0,97.0,70.0,0.0,0,7,1,0,0,6,1.0,0.0,1,2,0,0,1,1,0,3,0,1
5,99,81.0,89.0,26,89.2,0,0,93.0,0,0.0,92.0,91.0,0,4,0,1,0,13,1.0,0.0,1,1,0,0,1,1,0,2,0,3
0,47,60.0,70.0,27,70.5,1,2,0.0,0,0.0,0.0,65.0,0,6,0,0,0,9,1.0,87.0,1,1,1,0,0,0,1,0,0,0
5,67,63.0,98.0,36,88.4,0,2,89.0,0,0.0,92.0,100.0,1,0,1,1,0,4,2.0,0.0,1,1,0,0,0,1,0,4,0,3
2,99,80.0,40.0,25,54.75,0,2,0.0,1,0.0,49.0,50.0,1,4,0,1,0,11,1.0,0.0,2,1,1,0,0,1,0,1,0,1
1,52,80.0,50.0,25,70.0,1,0,90.0,1,80.0,60.0,60.0,0,6,0,1,0,1,1.0,0.0,0,1,0,0,1,1,0,3,1,2
2,97,95.0,40.0,25,60.833333333333336,0,0,80.0,0,50.0,50.0,50.0,0,6,0,1,0,1,2.0,0.0,2,1,1,0,0,0,1,0,1,2
4,36,79.0,95.0,25,86.2,0,2,87.0,0,0.0,92.0,78.0,1,0,0,1,0,15,2.0,0.0,1,1,0,1,0,1,0,2,1,3
5,99,72.0,60.0,25,69.0,1,2,81.0,0,66.0,64.0,71.0,0,6,0,1,0,5,1.0,0.0,2,1,0,0,0,1,0,0,0,2
5,50,80.0,80.0,25,77.0,1,0,75.0,0,0.0,75.0,75.0,0,6,0,1,0,9,1.0,0.0,2,1,1,0,0,1,0,2,1,3
2,38,98.0,80.0,25,85.2,0,0,90.0,0,0.0,78.0,80.0,0,4,0,1,0,0,2.0,0.0,1,1,1,0,0,1,0,1,0,3
1,17,79.0,85.0,25,81.2,0,2,93.0,0,0.0,90.0,59.0,0,0,0,1,0,8,1.0,0.0,1,1,1,0,0,1,1,0,1,3
6,99,72.0,73.0,0,77.28571428571429,0,0,78.0,0,92.0,67.0,80.0,0,13,0,0,0,2,2.0,79.0,1,1,1,0,0,0,0,3,1,2
2,99,91.0,65.0,25,79.71428571428571,0,2,82.0,0,85.0,76.0,63.0,0,13,0,1,0,14,2.0,96.0,1,1,0,0,0,1,0,1,1,0
5,51,84.0,98.0,8,89.14285714285714,0,2,88.0,0,96.0,92.0,88.0,1,9,0,1,0,2,1.0,78.0,2,1,0,0,0,1,0,2,1,3
0,53,50.0,60.0,26,56.25,0,2,0.0,0,0.0,0.0,50.0,0,7,0,0,0,5,1.0,65.0,1,1,0,0,1,1,0,2,1,0
3,28,70.0,70.0,26,72.5,0,2,90.0,1,50.0,60.0,95.0,0,13,0,1,0,1,2.0,0.0,2,1,0,0,0,1,0,3,0,1
4,99,76.0,89.0,25,82.5,1,2,80.0,1,79.0,86.0,85.0,0,8,0,1,0,8,1.0,0.0,1,1,0,0,0,1,0,0,0,1
4,67,78.0,100.0,25,91.0,0,2,95.0,0,97.0,85.0,91.0,0,0,0,0,0,8,2.0,0.0,1,1,0,0,0,1,0,0,1,2
6,99,93.0,95.0,25,94.25,1,0,0.0,0,91.0,0.0,98.0,0,0,1,1,0,9,2.0,0.0,1,1,0,0,0,0,0,2,0,0
0,57,50.0,76.0,51,75.85714285714286,1,2,80.0,0,80.0,85.0,80.0,0,6,0,0,0,10,2.0,80.0,1,0,0,0,1,1,0,0,0,0
2,99,95.0,80.0,33,69.85714285714286,1,0,60.0,0,80.0,60.0,34.0,1,19,0,0,0,8,1.0,80.0,1,1,0,0,1,1,0,0,0,1
0,1,80.0,83.0,49,89.5,0,2,0.0,0,0.0,0.0,100.0,0,0,0,1,0,0,1.0,95.0,2,1,0,0,1,1,0,4,0,0
5,99,75.0,95.0,28,87.2,1,0,79.0,1,0.0,95.0,92.0,1,10,0,1,0,1,2.0,0.0,2,0,1,0,1,1,0,3,1,3
3,19,90.0,75.0,25,77.5,0,2,75.0,0,75.0,80.0,70.0,0,19,0,1,0,10,1.0,0.0,1,0,1,0,0,1,0,0,1,1
4,76,76.0,90.0,25,76.5,0,2,0.0,0,0.0,70.0,70.0,0,6,0,1,0,10,1.0,0.0,1,1,0,0,0,0,0,0,1,2
0,56,85.0,70.0,25,77.5,1,2,0.0,0,0.0,0.0,0.0,0,4,1,1,0,8,1.0,0.0,1,1,0,0,0,1,0,3,0,0
2,38,75.0,74.0,25,75.42857142857143,0,2,65.0,0,85.0,64.0,70.0,0,4,0,1,0,1,1.0,95.0,1,1,1,0,0,1,0,0,0,0
5,6,65.0,80.0,25,77.5,1,2,90.0,0,0.0,95.0,70.0,0,0,0,1,0,14,1.0,65.0,1,1,0,0,0,0,0,1,0,3
4,99,97.0,93.0,26,93.5,1,0,88.0,0,88.0,96.0,99.0,1,7,0,1,0,0,1.0,0.0,1,1,1,0,1,1,1,3,1,0
4,99,80.0,95.0,26,87.0,1,2,85.0,0,0.0,93.0,82.0,1,10,0,1,0,11,1.0,0.0,1,1,0,0,0,1,0,3,0,3
4,46,95.5,98.6,48,89.775,1,0,0.0,1,0.0,85.0,80.0,0,4,0,1,1,14,1.0,0.0,1,1,0,0,0,1,0,4,0,1
5,99,44.0,60.0,48,61.57142857142857,1,2,44.0,1,69.0,74.0,70.0,0,6,0,1,1,13,1.0,70.0,2,2,0,0,0,1,0,1,1,1
4,99,78.0,90.0,49,84.6,1,2,85.0,0,80.0,90.0,0.0,0,11,0,0,0,14,1.0,0.0,1,1,1,0,0,0,1,0,0,1
0,58,68.0,50.0,49,75.25,0,2,0.0,0,0.0,0.0,95.0,0,7,0,1,0,2,1.0,88.0,2,1,0,0,0,1,0,1,1,0
4,50,70.0,90.0,25,83.8,1,2,80.0,0,0.0,80.0,99.0,0,6,0,1,0,14,2.0,0.0,1,1,0,0,1,1,0,1,0,1
3,82,68.0,57.0,3,66.6,0,2,78.0,1,65.0,65.0,0.0,0,17,0,1,1,9,2.0,0.0,2,2,0,0,1,0,0,4,1,1
4,38,87.0,82.0,25,81.8,1,2,83.0,1,0.0,73.0,84.0,0,4,0,1,1,11,1.0,0.0,2,0,1,0,0,1,0,3,0,1
3,79,75.0,60.0,21,69.25,0,2,0.0,0,0.0,60.0,82.0,0,6,0,1,0,12,1.0,0.0,1,1,0,0,0,1,0,2,1,1
3,99,70.0,82.0,48,76.6,0,2,87.0,1,60.0,84.0,0.0,0,14,0,1,1,11,1.0,0.0,2,2,1,0,0,1,0,1,0,1
4,83,65.0,98.0,40,77.71428571428571,1,2,88.0,0,74.0,60.0,77.0,1,7,0,1,0,13,0.0,82.0,1,2,0,0,0,1,0,1,1,3
4,77,87.0,98.0,25,92.33333333333331,0,2,94.0,1,96.0,85.0,94.0,0,10,1,1,0,8,1.0,0.0,1,1,1,0,0,1,0,4,1,2
4,99,75.0,75.0,41,75.0,0,2,75.0,0,75.0,75.0,0.0,0,6,1,1,0,12,2.0,0.0,2,2,0,0,0,0,0,4,0,0
6,16,96.0,93.0,28,95.5,0,0,97.0,0,99.0,90.0,98.0,0,14,0,1,0,8,2.0,0.0,1,1,0,0,1,0,0,1,1,2
3,38,90.0,70.0,25,80.0,1,0,0.0,0,0.0,0.0,0.0,1,4,0,1,0,1,0.0,0.0,2,1,0,1,0,0,0,2,1,1
2,99,80.0,95.0,25,90.66666666666669,0,0,0.0,0,0.0,97.0,0.0,1,0,1,1,0,1,1.0,0.0,1,1,0,0,1,1,0,0,0,1
4,64,65.0,96.0,42,88.6,1,2,96.0,0,0.0,94.0,92.0,0,4,1,0,0,8,2.0,0.0,1,1,0,0,1,0,0,0,0,3
5,99,80.0,80.0,48,81.0,1,0,80.0,0,0.0,80.0,85.0,0,6,0,0,0,3,2.0,0.0,1,2,1,0,0,1,1,3,0,0
2,18,95.0,86.0,4,76.4,0,2,67.0,1,0.0,69.0,65.0,0,10,0,1,0,8,1.0,0.0,1,1,1,1,1,1,1,4,0,3
2,99,69.0,81.0,45,77.6,1,1,80.0,0,78.0,80.0,0.0,0,5,0,1,0,8,0.0,0.0,1,2,1,0,0,1,0,0,0,1
5,99,85.0,42.0,25,74.0,1,0,86.0,0,76.0,64.0,91.0,0,18,0,0,0,2,1.0,0.0,2,1,0,0,1,1,0,0,0,1
6,99,70.0,50.0,25,60.0,0,2,0.0,0,0.0,0.0,0.0,0,13,0,0,0,0,1.0,0.0,1,1,0,0,0,0,0,3,1,1
2,99,97.0,73.0,48,83.25,0,2,0.0,0,0.0,80.0,83.0,0,10,0,1,0,1,1.0,0.0,1,1,1,0,1,0,0,1,1,1
6,99,90.0,73.0,25,80.92857142857143,0,2,75.0,0,86.0,82.5,80.0,1,6,0,1,0,10,2.0,80.0,2,1,1,0,0,0,1,4,0,0
3,93,87.0,84.0,6,84.0,1,2,0.0,0,0.0,0.0,85.0,0,7,0,0,0,1,1.0,80.0,1,1,0,0,0,1,0,2,1,1
0,34,73.0,90.0,25,83.4,1,2,90.0,0,89.0,75.0,0.0,0,18,0,1,0,14,1.0,0.0,1,2,0,0,0,0,0,3,1,0
3,22,78.0,60.0,48,72.0,1,2,70.0,1,70.0,74.0,80.0,0,13,0,0,0,14,1.0,0.0,1,1,1,0,0,1,1,3,0,1
2,4,70.0,85.0,26,82.66666666666667,1,2,83.0,0,90.0,78.0,90.0,1,6,0,1,0,8,2.0,0.0,1,1,1,1,1,0,0,1,1,2
3,99,90.0,60.0,25,82.5,0,2,0.0,0,0.0,0.0,90.0,0,0,0,1,0,11,2.0,90.0,1,1,1,0,1,1,1,1,1,0
4,99,65.0,89.0,16,86.16666666666667,0,0,93.0,1,90.0,95.0,85.0,1,4,1,1,1,8,2.0,0.0,2,1,1,1,1,0,1,4,1,3
6,0,80.0,78.0,8,90.4,0,2,98.0,0,99.0,97.0,0.0,0,1,1,1,0,8,1.0,0.0,1,1,0,0,0,1,0,2,0,2
3,99,69.0,85.0,26,77.4,0,2,86.0,0,83.0,64.0,0.0,0,6,0,1,0,8,2.0,0.0,2,2,0,0,1,0,1,1,1,1
5,85,50.0,80.0,26,74.8,0,2,90.0,0,0.0,91.0,63.0,0,0,0,1,0,0,1.0,0.0,1,1,0,0,0,0,0,0,0,3
5,85,53.0,49.0,48,64.4,1,2,68.0,0,74.0,78.0,0.0,1,0,0,1,0,12,2.0,0.0,2,2,1,0,0,0,0,4,0,0
6,99,88.0,83.0,44,89.25,1,2,95.0,0,91.0,0.0,0.0,1,0,1,1,0,8,1.0,0.0,1,1,1,0,0,0,0,1,0,0
3,15,88.0,100.0,25,91.4,0,2,90.0,0,0.0,85.0,94.0,0,18,0,1,0,7,1.0,0.0,1,1,0,0,1,1,0,1,1,2
3,66,65.0,73.0,56,77.42857142857143,0,2,81.0,1,76.0,92.0,80.0,0,0,0,1,1,13,2.0,75.0,2,1,1,0,0,1,0,1,0,1
3,7,70.0,60.0,48,72.85714285714286,1,2,80.0,1,80.0,60.0,90.0,1,3,0,1,0,13,2.0,70.0,2,1,1,0,1,1,0,0,0,1
2,44,81.0,69.0,48,75.5,0,2,0.0,1,0.0,78.0,74.0,0,4,0,1,1,13,2.0,0.0,2,1,0,0,0,1,0,3,0,1
5,99,95.0,88.0,7,88.66666666666667,0,2,0.0,0,0.0,0.0,83.0,0,10,0,1,0,11,1.0,0.0,1,1,0,0,0,1,0,3,1,2
1,40,95.0,99.0,48,88.6,0,0,84.0,0,85.0,80.0,0.0,0,5,1,1,0,9,2.0,0.0,1,1,0,0,0,0,0,2,0,2
3,54,50.0,98.0,30,82.5,1,2,0.0,1,0.0,92.0,90.0,0,4,0,1,1,10,1.0,0.0,1,0,0,0,0,1,0,3,0,1
4,99,60.0,70.0,48,66.66666666666667,1,2,0.0,0,0.0,70.0,0.0,0,6,0,1,0,13,1.0,0.0,2,1,0,0,0,1,0,3,0,3
0,0,37.0,45.0,48,57.42857142857143,0,2,57.0,1,58.0,73.0,77.0,0,10,0,1,0,8,0.0,55.0,2,1,0,0,0,1,0,1,0,1
4,35,88.0,90.0,52,89.0,0,2,0.0,0,0.0,0.0,0.0,0,4,0,1,0,9,2.0,0.0,1,0,1,0,0,0,0,3,0,2
3,61,88.0,96.0,26,92.25,0,2,0.0,0,0.0,97.0,88.0,0,22,0,1,0,8,1.0,0.0,1,1,0,0,0,0,0,1,1,1
4,99,70.0,100.0,54,90.85714285714286,0,2,84.0,0,98.0,100.0,94.0,0,0,0,0,0,6,1.0,90.0,2,1,0,0,1,0,0,1,0,0
4,78,78.0,90.0,25,81.33333333333333,1,0,90.0,0,70.0,80.0,0.0,0,6,0,1,0,12,1.0,80.0,1,2,0,0,0,1,0,4,1,1
3,38,79.0,96.0,38,83.42857142857143,1,0,76.0,0,88.0,67.0,79.0,0,0,1,1,0,12,2.0,99.0,1,2,1,0,1,1,0,2,0,2
2,99,90.0,90.0,54,79.42857142857143,0,1,80.0,0,80.0,76.0,70.0,1,18,0,0,0,13,1.0,70.0,1,0,0,1,0,0,0,0,0,3
4,99,67.0,75.0,13,67.71428571428571,1,2,59.0,1,64.0,69.0,70.0,0,18,0,1,0,8,2.0,70.0,2,1,0,0,1,0,0,1,0,0
5,13,60.0,80.0,1,59.285714285714285,1,2,55.0,0,75.0,40.0,50.0,1,0,0,1,0,12,2.0,55.0,1,1,0,1,0,1,0,1,0,3
1,8,66.0,56.0,25,61.85714285714285,0,1,78.0,0,87.0,44.0,26.0,0,5,0,0,0,9,1.0,76.0,1,1,0,0,0,1,0,0,0,1
2,42,68.0,66.0,25,64.28571428571429,0,2,60.0,0,58.0,50.0,50.0,0,14,1,0,0,9,2.0,98.0,1,1,1,0,0,1,1,0,0,0
3,99,85.0,90.0,54,81.71428571428571,0,2,90.0,1,85.0,87.0,70.0,0,6,0,1,0,0,1.0,65.0,2,1,0,0,0,1,0,1,0,1
6,8,72.0,65.0,25,77.14285714285714,0,2,78.0,0,83.0,68.0,80.0,0,5,1,1,0,6,2.0,94.0,1,1,0,0,0,1,0,1,0,2
3,90,80.0,79.0,54,84.71428571428571,1,2,89.0,0,85.0,90.0,90.0,0,5,0,1,0,0,1.0,80.0,1,2,0,0,0,0,0,0,1,1
4,99,63.0,74.0,25,69.28571428571429,0,2,74.0,0,73.0,71.0,70.0,0,6,0,0,0,10,2.0,60.0,1,2,0,0,1,1,0,1,0,0
6,42,70.0,60.0,25,64.0,1,0,60.0,0,50.0,75.0,66.0,0,13,0,0,0,2,2.0,67.0,0,1,0,0,1,1,0,0,1,3
0,11,70.0,80.0,42,73.71428571428571,1,2,60.0,0,60.0,72.0,80.0,1,4,0,1,0,3,1.0,94.0,1,2,0,0,0,1,0,3,1,0
0,89,67.0,77.0,11,69.85714285714286,1,2,59.0,0,65.0,76.0,68.0,0,18,1,1,0,0,0.0,77.0,1,1,0,0,0,0,0,1,0,0
2,92,95.0,90.0,11,71.42857142857143,1,0,50.0,0,40.0,85.0,90.0,0,24,0,1,0,10,2.0,50.0,2,0,1,0,0,1,1,3,0,1
5,84,88.0,82.0,11,71.6,1,2,0.0,0,0.0,78.0,40.0,0,23,0,1,0,9,1.0,70.0,1,1,0,0,0,0,0,0,1,3
6,30,56.0,90.0,25,80.14285714285714,0,0,80.0,0,70.0,69.0,99.0,0,5,1,1,0,12,1.0,97.0,0,1,0,0,1,1,0,2,1,3
4,32,70.0,80.0,1,60.71428571428572,1,2,50.0,0,75.0,60.0,50.0,1,0,0,1,0,8,1.0,40.0,1,1,0,1,0,0,0,1,0,3
6,98,70.0,60.0,54,62.0,1,1,70.0,0,45.0,65.0,0.0,0,5,1,0,0,2,1.0,0.0,1,2,0,1,0,0,0,3,0,3
0,99,90.0,75.0,14,73.0,1,0,0.0,0,0.0,70.0,40.0,0,18,0,1,0,11,2.0,90.0,2,0,0,0,0,0,0,1,0,0
2,99,98.0,100.0,39,98.57142857142856,0,0,99.0,0,98.0,99.0,96.0,0,6,0,0,0,9,1.0,100.0,2,1,1,0,0,1,0,2,0,0
6,65,75.0,80.0,48,77.0,1,0,60.0,1,76.0,74.0,91.0,0,18,1,1,0,3,1.0,83.0,1,1,0,0,0,1,0,1,0,1
5,99,88.0,67.0,12,68.0,1,0,0.0,0,0.0,70.0,40.0,0,6,0,1,0,10,1.0,75.0,2,1,0,0,0,0,0,0,1,1
6,85,80.0,99.0,22,85.71428571428571,0,2,92.0,0,87.0,78.0,67.0,0,0,1,1,0,5,1.0,97.0,0,1,0,0,0,1,0,2,0,2
2,91,80.0,52.0,25,70.57142857142857,0,2,52.0,0,80.0,65.0,68.0,0,6,0,0,0,5,2.0,97.0,1,2,0,0,0,1,0,0,1,0
0,3,56.0,52.0,54,67.71428571428571,0,2,86.0,0,80.0,45.0,63.0,0,6,0,0,0,7,2.0,92.0,1,1,0,0,0,1,0,3,1,0
2,81,70.0,60.0,25,64.0,1,2,60.0,0,60.0,70.0,0.0,0,6,0,1,0,6,1.0,0.0,2,2,0,0,1,1,0,0,1,1
1,70,78.0,97.0,25,82.71428571428571,0,0,67.0,0,88.0,88.0,78.0,0,6,0,0,0,12,1.0,83.0,0,1,1,0,1,1,1,2,1,2
2,99,95.0,97.0,25,96.0,0,2,0.0,0,0.0,0.0,0.0,0,6,0,1,0,10,1.0,0.0,1,1,1,0,0,1,1,1,0,0
6,45,80.0,99.0,42,82.14285714285714,1,0,66.0,0,70.0,90.0,90.0,0,4,0,1,0,11,2.0,80.0,1,2,0,0,1,1,0,2,0,2
4,99,78.0,81.0,26,74.6,1,2,64.0,0,67.0,83.0,0.0,1,12,0,1,0,10,2.0,0.0,1,1,0,0,0,1,0,0,1,3
0,99,78.0,79.0,53,79.25,0,2,0.0,0,0.0,0.0,80.0,0,6,0,1,0,9,2.0,80.0,1,1,1,0,0,1,0,0,0,0
0,99,73.0,84.0,19,84.66666666666667,1,2,0.0,1,0.0,0.0,97.0,0,5,0,1,0,10,1.0,0.0,1,0,1,0,1,0,0,2,1,1
4,99,55.0,85.0,25,78.85714285714286,1,2,77.0,0,73.0,79.0,90.0,0,4,0,1,1,13,2.0,93.0,1,1,0,0,0,1,0,0,0,3
6,27,75.0,87.0,45,81.2,0,2,84.0,0,76.0,84.0,0.0,0,5,0,1,0,14,1.0,0.0,2,1,1,0,0,0,0,2,0,2
4,69,80.0,75.0,46,70.83333333333333,1,2,70.0,0,60.0,70.0,70.0,1,0,0,1,0,10,1.0,0.0,1,1,0,1,0,1,0,0,0,3
0,99,80.0,75.0,25,78.75,1,2,0.0,0,0.0,0.0,85.0,0,10,0,1,0,10,2.0,75.0,1,1,0,0,1,1,0,0,1,0
0,101,86.0,85.0,25,75.33333333333333,0,2,0.0,0,0.0,0.0,55.0,1,16,0,1,0,8,1.0,0.0,1,0,1,1,0,0,1,2,0,2
2,38,73.0,62.0,25,75.14285714285714,0,2,77.0,0,88.0,67.0,79.0,0,1,1,1,0,3,0.0,80.0,1,1,0,0,0,0,0,0,0,2
2,0,73.0,85.0,48,80.4,0,2,81.0,1,86.0,77.0,0.0,0,7,0,0,1,12,1.0,0.0,2,2,1,1,0,1,1,0,0,1
4,99,50.0,70.0,20,66.0,0,2,69.0,1,0.0,62.0,0.0,0,2,0,0,1,12,2.0,79.0,2,2,1,0,0,1,0,2,0,1
3,49,95.0,98.0,26,96.2,1,2,0.0,0,0.0,94.0,96.0,0,6,0,1,0,9,0.0,98.0,1,1,0,0,0,0,0,0,1,1
2,41,75.0,65.0,58,73.42857142857143,0,2,89.0,1,60.0,70.0,70.0,0,8,0,1,0,0,1.0,85.0,1,1,1,0,0,0,0,1,0,3
6,99,80.0,88.0,28,81.83333333333333,1,0,85.0,0,78.0,70.0,90.0,0,4,0,1,0,15,1.0,0.0,1,0,1,0,1,1,0,0,1,2
5,99,93.0,88.0,50,95.0,0,2,96.0,0,99.0,99.0,95.0,0,1,0,1,0,8,2.0,0.0,1,1,1,0,0,0,0,0,0,1
6,23,85.0,90.0,25,87.5,1,2,0.0,1,0.0,0.0,0.0,0,13,0,1,1,11,1.0,0.0,1,0,0,0,0,1,0,0,0,0
4,99,93.0,90.0,25,91.5,1,2,0.0,0,0.0,0.0,0.0,0,13,0,1,0,6,2.0,0.0,1,1,0,0,0,1,0,1,1,0
2,99,58.0,52.0,47,60.0,0,1,61.0,0,73.0,56.0,0.0,0,6,0,1,0,13,1.0,0.0,1,1,0,0,0,1,0,0,1,0
6,37,70.0,85.0,59,82.5,0,0,75.0,1,85.0,90.0,90.0,0,6,0,1,0,14,1.0,0.0,1,1,0,0,1,1,0,2,1,2
4,99,84.0,92.0,25,87.85714285714286,0,1,92.0,0,88.0,81.0,95.0,0,4,0,1,0,14,1.0,83.0,1,1,1,0,0,1,0,0,0,0
3,99,70.0,70.0,26,76.66666666666667,1,2,80.0,1,80.0,80.0,80.0,0,20,0,1,1,4,1.0,0.0,1,1,0,0,0,1,0,0,0,1
4,72,94.0,98.0,37,96.0,1,2,0.0,0,0.0,0.0,0.0,0,14,0,1,0,2,1.0,0.0,1,1,1,0,0,1,0,4,1,3
3,12,98.0,96.0,10,95.16666666666669,1,2,96.0,0,87.0,95.0,99.0,1,18,0,1,0,12,1.0,0.0,0,0,0,0,0,0,0,2,0,3
4,50,96.0,98.0,37,97.0,1,2,0.0,0,0.0,0.0,0.0,0,14,0,1,0,2,1.0,0.0,1,1,1,0,0,1,0,4,1,3
5,99,50.0,60.0,43,65.0,1,2,0.0,1,0.0,90.0,60.0,0,4,0,1,0,8,2.0,0.0,2,0,0,0,0,0,0,0,0,1
5,86,98.0,93.0,9,94.83333333333331,1,2,95.0,0,97.0,96.0,90.0,0,0,1,0,0,3,1.0,0.0,1,1,0,0,0,0,0,3,1,3
4,55,78.0,92.0,15,89.0,1,2,99.0,0,93.0,85.0,87.0,0,4,0,1,0,14,1.0,0.0,1,1,0,0,1,1,0,1,0,3
5,3,90.0,40.0,55,70.0,0,2,80.0,0,90.0,80.0,40.0,0,6,0,0,0,4,2.0,0.0,1,1,1,0,0,0,1,3,0,0
4,26,65.0,76.0,34,72.33333333333333,1,2,77.0,0,85.0,66.0,65.0,0,22,0,1,0,4,1.0,0.0,2,1,0,0,0,0,0,0,0,3
2,65,80.0,70.0,25,79.4,0,2,84.0,0,0.0,89.0,74.0,1,6,0,1,0,8,1.0,0.0,1,1,1,1,0,0,1,0,0,3
4,87,84.0,72.5,26,76.5,0,2,52.0,0,0.0,96.0,78.0,0,0,1,1,0,14,2.0,0.0,1,1,0,0,0,1,1,4,0,3
4,99,91.0,100.0,25,93.33333333333331,0,0,93.0,1,84.0,96.0,96.0,1,8,0,1,1,1,1.0,0.0,1,0,1,0,0,1,1,1,1,1
6,105,90.0,85.0,25,87.5,1,2,86.0,0,80.0,89.0,95.0,0,6,0,0,0,4,2.0,0.0,1,1,0,0,0,1,0,0,1,1
2,99,90.0,75.0,26,84.2,1,2,80.0,0,0.0,92.0,84.0,1,4,0,1,0,14,1.0,0.0,2,1,0,0,0,1,0,0,0,3
6,99,98.0,100.0,25,95.6,1,2,94.0,0,0.0,96.0,90.0,0,18,0,1,0,8,1.0,0.0,1,0,0,0,0,1,0,1,1,3
6,99,64.0,84.0,26,87.5,0,2,97.0,0,99.0,98.0,83.0,1,5,0,1,0,9,2.0,0.0,1,1,0,0,0,0,0,1,0,3
2,94,78.0,82.0,25,59.0,1,2,53.0,1,49.0,32.0,60.0,0,21,0,1,1,9,1.0,0.0,2,1,1,0,0,0,0,1,0,0
4,29,66.0,96.0,25,86.8,0,2,82.0,0,0.0,100.0,90.0,0,9,0,1,0,11,1.0,0.0,1,0,1,0,0,1,0,0,1,3
0,5,75.0,79.0,29,62.142857142857146,0,1,43.0,0,33.0,59.0,65.0,0,14,0,1,0,1,2.0,81.0,2,1,1,0,0,1,1,3,1,0
5,83,80.0,85.0,26,82.5,1,2,0.0,0,0.0,0.0,0.0,0,14,0,1,0,10,0.0,0.0,1,1,1,0,1,1,1,1,0,3
6,43,90.0,85.0,25,87.5,1,2,0.0,1,0.0,0.0,0.0,0,4,0,1,0,3,2.0,0.0,1,0,1,0,1,0,0,2,1,3
4,99,75.0,90.0,25,86.25,0,2,0.0,0,0.0,0.0,88.0,0,8,0,1,0,1,2.0,92.0,1,1,0,0,1,1,0,2,1,0
6,80,75.01561101369113,96.21418552492548,48,85.85602478313142,0,0,89.69610749797484,0,3.5401430542073835,1.8107151239522046,83.6976723434928,0,6,1,1,0,8,1.0,86.01485441348989,1,1,0,0,1,1,0,2,1,0
6,99,91.7600960570174,86.98155070639204,25,87.00573916143846,1,2,80.14350468633985,0,4.503362721751426,80.9551253178211,90.50240751895929,1,4,0,1,0,7,2.0,89.20082468766785,1,0,1,0,1,1,0,0,1,0
4,99,72.3778483879884,54.075597235948806,26,66.28098143723435,1,0,72.99077093918866,1,64.49297848286382,62.719707192478495,0.9101348163623879,0,7,0,1,0,12,1.0,0.0,2,2,0,0,0,1,0,4,0,1
2,99,72.01456709223018,50.31359155746447,25,71.50999763707902,0,2,73.80609830575831,0,89.7165966390041,67.0153778076395,0.0,0,6,0,1,0,4,1.0,0.0,2,1,0,0,1,1,0,1,0,2
4,24,60.05134633374302,79.07931759443673,25,62.168014506404376,0,2,63.3809659783354,0,56.53070851024373,57.330211583354064,1.0388389359799262,0,4,0,1,0,4,2.0,0.0,2,2,1,0,0,1,1,0,0,1
2,99,96.10868241764281,86.9181085880781,31,84.95271258315647,1,2,83.63309716420873,0,83.67561611437782,83.46063165421377,3.1234731408196565,0,18,0,1,0,0,0.0,1.1556711828772535,1,1,0,0,0,1,0,2,1,1
4,99,62.86390652469129,93.66459708635205,36,88.16960475121269,0,2,96.62999744854106,1,0.0,93.0031779774855,82.97413895658632,0,1,0,1,1,8,1.0,0.0,1,2,0,0,0,1,0,0,0,1
4,71,89.45602022742553,99.10340311274986,25,85.51343003714035,0,2,81.04081721723952,0,0.0,90.1697200636797,79.67123946988538,1,6,0,1,0,14,1.0,77.74702409677741,2,1,1,0,1,1,0,0,1,3
2,88,41.57521088500943,64.21659716219644,24,50.981604856142276,0,1,44.96648309122266,0,0.0,57.233951614728745,2.241502417636873,0,23,0,0,0,2,0.0,0.0,1,1,0,0,0,0,0,0,1,0
6,31,79.78623131013794,82.01156634795775,48,80.5222897222177,0,2,86.01812233116394,0,79.4593701759439,75.06170518112205,83.09083374080154,0,6,1,1,0,12,2.0,1.8356688430602455,1,1,0,0,0,0,0,2,0,2
2,99,79.16775389009486,92.25031711638779,48,88.75600627483942,0,0,88.14571586517656,0,87.64863802729758,95.30073798385054,88.42920636042565,0,6,0,1,0,1,2.0,0.0,1,1,0,0,1,1,0,1,0,2
2,39,91.80311916640518,87.67346674544271,49,73.45705889479733,0,2,88.1597622773447,0,57.2901649829097,79.64845009222304,65.44754303505422,0,20,1,1,0,13,1.0,51.62133923236264,2,1,0,0,0,1,1,0,0,2
3,99,79.64426674918028,90.50407162078695,48,79.23797380331513,1,2,0.0,1,4.70902157188189,71.03250187760084,81.37095444670233,0,15,0,1,1,9,2.0,4.267212899587262,0,1,1,0,0,1,0,1,0,1
3,102,60.142501360211,67.50723172958563,54,79.72470788826003,1,2,92.49369857257766,0,91.08639331736033,88.76189117871589,0.0,0,18,1,0,0,12,1.0,0.6698942369916169,1,1,0,0,0,1,0,4,0,2
4,99,54.695852118779364,55.055571978591814,18,50.02938681524612,0,1,38.53122157692583,0,51.33753190511119,37.43740291398738,50.167314519019484,0,5,0,0,0,9,2.0,44.593898598484756,1,1,0,0,0,0,0,4,1,2
4,96,80.61819744052943,90.67446265826125,57,82.99523692008259,1,2,1.2247291844435582,1,0.0,2.3370653344626793,1.7152267632661398,0,11,0,1,0,8,1.0,0.0,1,1,0,0,0,0,0,0,1,1
6,99,82.18007634752068,85.12312659380028,25,81.74410633416908,0,2,89.87839825418808,0,85.87632917160735,79.91493407918844,83.99950034956716,0,4,0,1,0,9,2.0,4.211710761732942,2,1,1,0,0,0,0,0,0,2
4,62,68.51454320809927,84.15904248248808,48,79.48947215664528,0,2,0.0,0,6.248302052739875,2.1996219759670748,78.71588393403907,0,0,1,1,0,1,2.0,93.77050755695797,1,1,0,0,1,1,0,2,1,0
6,99,84.0597384283395,94.33173279381614,48,87.74515503179845,0,0,96.72229021424664,0,91.10441248544711,88.99463370782011,77.11307408439107,0,10,0,1,0,12,2.0,0.0,1,1,0,0,1,1,0,4,1,2
6,106,93.3310658373792,95.98893282143219,25,95.1140476747619,0,0,89.71886678396397,0,96.05551180444331,4.0150664095057715,0.0,0,18,0,1,0,6,2.0,0.0,1,2,0,0,0,1,0,0,1,2
6,99,80.44882164589329,95.05589436784436,22,86.37453462714852,0,2,97.73985154571103,0,0.0,94.86768349069308,78.44656584387401,0,14,0,1,0,15,1.0,5.965945390029923,1,1,1,0,0,1,1,0,0,3
4,99,90.6516966891599,85.92529087725838,26,88.49920924249093,1,2,94.43035962400624,0,87.4984947241833,100.04940837315159,0.0,0,18,0,1,0,10,1.0,4.974221951914752,1,0,0,0,0,0,0,0,1,2
3,21,82.11499320763602,65.33345608828691,28,62.0179579401217,1,2,40.03092217970294,1,0.0,53.95345815618911,1.9799196427911576,0,5,0,1,0,2,2.0,4.050580488378413,2,1,0,0,0,0,0,4,0,1
2,50,84.61749297812067,93.32873194388345,25,87.26256344270256,1,0,73.26160415108816,1,86.61932846396812,85.78458753619863,91.5602888354472,0,10,0,1,1,10,2.0,1.7484580674488512,1,0,0,0,0,1,0,3,0,1
4,99,43.03589585344196,92.4448946626797,25,65.9726791801737,1,2,28.571293716723652,0,86.56927252806284,71.47056926969388,59.15664773119061,0,4,0,0,0,2,2.0,0.39931020604956197,2,1,1,0,0,1,0,0,0,3
5,25,80.2030075365171,34.60831355551356,25,54.568882384505116,0,2,2.398585565923285,0,0.0,72.7979568957752,27.96891606857082,0,6,0,1,0,15,2.0,0.0,2,1,0,0,1,1,0,0,0,1
3,99,70.80366289306386,84.649495787022,25,77.26289985394753,1,1,0.0,0,0.0,76.11762240461321,74.1961439253384,0,4,0,1,0,3,1.0,0.0,2,1,1,0,0,0,0,1,0,3
2,85,90.66548191226174,75.13433782350093,8,81.62117296978371,0,2,60.638751214868684,0,89.52166404759136,80.09876578248443,80.36274278810794,0,0,1,1,0,13,1.0,0.0,1,1,0,0,0,0,0,1,0,2
3,99,69.2993417114421,95.78498700966858,25,89.76802978982451,0,1,1.0453464981179141,0,3.997879348678658,100.67313131753242,94.26809864130891,0,14,1,1,0,14,0.0,0.0,1,1,0,0,0,1,0,1,0,1
6,60,85.13828676336618,90.04230336813166,37,86.61218236458613,0,2,81.2995933775182,0,90.10424206501406,94.66406341472117,87.04619475023753,0,0,1,1,0,10,1.0,76.86802127880712,1,1,0,0,0,0,0,0,0,2
2,99,65.39720468732776,57.67412490998392,48,71.51209609962801,1,1,0.0,0,0.0,0.0,85.64391702058367,0,6,0,0,0,6,2.0,0.0,1,1,0,0,0,1,0,3,1,1
0,100,85.68581186618204,71.53797043639592,26,85.04882702191719,0,2,92.85552863611358,0,96.94891375021406,79.3277495339933,104.82024323079793,0,4,0,1,0,8,2.0,71.23114731966609,2,1,1,0,0,1,1,4,0,0
4,99,89.71584637979907,89.95903023892909,25,86.73024376039896,0,0,4.911579162789546,0,0.0,79.74628181884988,82.37362784523673,0,4,0,1,0,12,1.0,0.0,2,1,1,0,0,0,0,1,0,1
2,99,94.81519535321584,54.99865208037028,25,83.65864609504177,0,2,96.61400135039509,0,92.28190549070895,86.25184707331896,80.69478618324374,0,14,0,1,0,3,1.0,79.61506135062282,1,1,1,0,0,0,0,0,0,1
2,95,78.48653726864025,81.2458552813902,25,66.73557939996165,0,2,0.0,0,0.0,1.2384957563800774,36.65975869674459,0,6,0,1,0,11,1.0,0.0,2,1,1,0,0,1,1,3,1,0
2,75,84.08869265422439,77.68995173901037,26,75.49679953887545,0,0,0.0,0,0.0,71.18369214733087,65.63949852803792,0,0,0,1,0,3,2.0,5.967314305866902,1,1,0,0,0,1,0,1,1,1
3,99,90.80565888106179,78.02818316900006,25,82.38154076385473,1,0,64.17915952891694,0,93.78761618852802,86.16054753632628,94.20271352707454,0,4,0,1,0,14,1.0,0.0,1,1,0,0,0,1,0,0,1,2
4,99,59.59800928474039,68.53586093398683,28,67.25173899531917,0,2,8.467207533996367,0,0.0,2.7618373636950238,65.23664558343319,0,4,0,1,0,14,1.0,80.8118128019162,1,1,1,0,0,1,0,0,1,0
4,99,46.137362869037375,86.03112708098155,54,64.01118627590604,1,1,40.08010706304014,0,0.0,76.50919015077666,65.41393133872124,1,0,0,0,0,2,2.0,11.32841526268717,0,1,0,0,0,1,0,0,0,3
2,14,80.78346597998248,60.56783718800025,25,56.044839306970836,1,2,47.58505156448483,0,0.0,39.77051152654658,60.116260275594435,0,18,0,0,0,12,2.0,47.56841831733599,2,1,0,0,0,0,0,4,1,0
4,59,81.05187454149532,76.86500280359708,25,72.80214097736749,0,2,70.59427833003458,0,1.7830622379965708,74.83823722614675,62.10894005304159,1,4,1,1,0,13,2.0,6.60063512607291,2,1,1,0,0,0,1,1,0,0
4,104,45.14417667819839,83.7210097150695,25,80.45602726942194,0,2,91.89476209712828,0,83.27734133539367,89.40998532283636,90.57370085956923,1,4,0,0,0,14,2.0,4.226596775009479,1,1,0,0,0,1,0,1,0,3
4,99,71.04603349104458,96.52772219165001,48,79.71299834027386,1,2,84.15424341132082,0,0.0,84.07699386589252,9.451578243338924,1,18,1,0,0,12,0.0,76.21213029024696,1,1,0,1,0,0,0,1,0,3
4,99,63.044935364413256,59.193240942809425,25,66.06445512339957,0,2,0.0,1,0.0,67.07332426146915,75.30184825686406,0,0,0,1,0,12,2.0,0.0,1,1,0,0,0,0,0,1,0,1
0,38,58.764849325288175,56.556184171360066,26,69.14384749757842,0,0,70.31459377930939,0,1.7570166614093279,75.78062835130271,3.722112709499996,0,4,1,1,0,11,2.0,81.72880193268588,1,1,0,0,0,0,0,1,0,0
5,63,64.50472153727799,92.67965587624403,35,88.148266235289,0,2,1.07339918199128,0,0.0,88.22530504487146,87.03624476599363,1,4,0,1,0,15,2.0,90.95232578595443,1,1,0,1,0,0,0,4,0,3
6,99,96.09732401938544,92.68475714711283,25,91.93405628839473,1,0,92.32806183423843,0,91.55531917759194,92.40233122895683,97.62370701038387,0,18,0,1,0,9,2.0,86.45444431926383,1,2,0,0,0,1,0,0,1,0
1,33,73.47445824905006,71.34455324846685,25,76.89670428127216,0,1,84.80422710289538,0,91.89515306601439,69.27638553335987,68.93533710276684,0,3,1,1,0,13,2.0,68.1013168851104,2,2,0,0,0,1,0,1,0,2
1,99,89.48994352316961,90.94989807351575,25,90.70923628711446,1,0,95.2778962772943,0,97.62544324006475,96.7606665431066,0.0,0,6,1,1,0,10,2.0,0.0,1,1,0,0,0,1,0,2,0,2
2,103,93.49478505100326,77.21308223574255,26,85.33027867517556,0,1,0.0,0,1.8583281048755904,0.39493605409252824,0.7547600195804188,0,13,0,0,0,12,2.0,0.0,1,1,1,0,0,1,1,4,0,1
2,99,41.74925473475935,51.13786851952399,26,44.00719485490731,0,2,41.864115834313495,0,0.0,43.05068788305118,2.2110236211771697,1,0,0,0,0,8,1.0,5.936364107013409,1,2,1,0,0,1,1,1,1,0
2,20,76.87035892910495,79.62178492909528,26,84.98904569442942,0,2,88.46174713120054,0,88.09008823498549,92.56487721402941,5.032133385698209,0,5,1,1,0,14,1.0,0.0,1,1,0,0,1,0,0,1,1,2
2,48,60.7836160864804,78.86235895485453,17,74.4213781300444,0,1,78.2047098142431,0,85.64471647421303,64.33674501624466,0.0,0,5,1,0,0,14,1.0,1.3097436716607012,1,2,0,0,0,0,0,1,0,2
4,2,89.24721594669047,82.6184875076059,25,86.69706950514109,1,2,0.0,1,4.573476077822932,86.73804005683256,94.45529795549773,0,4,0,1,0,8,2.0,4.375481115581469,1,1,0,0,1,1,0,1,1,1
4,68,63.58859575372866,92.33556595923734,2,70.3625803503538,1,1,66.99106202153396,1,58.549491576845114,69.45030112563838,95.27056220406611,0,0,0,0,0,2,1.0,71.75772563522945,2,1,0,0,0,1,0,1,0,1
2,74,67.93770909297109,69.32861643406419,25,65.256013142112,0,2,76.68227875111167,0,50.91226009335781,66.42671082968184,82.80904797792718,0,6,0,1,0,8,1.0,69.22236384742223,1,2,1,0,1,1,0,1,1,0
0,99,79.41626388868141,59.528515571527166,27,75.8517511227374,0,2,0.22130230136387088,0,86.75848540710864,0.0,77.28246872053082,0,7,0,1,0,12,2.0,80.06683109964906,1,1,0,0,1,0,0,3,1,0
2,10,61.547641814998364,49.498501076107445,32,61.983702553087966,0,2,57.51838981527157,0,0.0,66.51056287044682,0.0,0,5,0,1,0,12,1.0,75.37696520592759,2,2,0,0,1,0,0,4,0,0
4,9,61.04075134195742,83.961972612109,5,73.63804543542987,1,2,3.3199097495805545,0,0.0,76.56472963498888,72.68870104283674,0,5,0,1,0,11,2.0,0.3033233028462757,2,1,1,0,0,1,0,2,0,3
4,99,49.65697939689996,80.61626930889372,26,71.81788952263479,0,2,74.17581502896869,0,0.0,70.93812215520643,79.71235883378252,0,19,0,1,0,13,1.0,0.0,1,1,1,0,0,1,0,0,1,3
3,73,79.3331423872124,85.35570080639005,23,84.92177795033332,1,2,91.75640356124447,0,96.32767721774566,69.87784656606082,0.0,0,7,1,0,0,6,1.0,0.0,1,2,0,0,1,1,0,3,0,1
5,99,81.43273112979045,90.46154212255857,26,89.82209232543464,0,0,94.96598814656738,0,1.3449310759145223,92.57273033362272,86.32623342996338,0,4,0,1,0,13,1.0,0.0,1,1,0,0,1,1,0,2,0,3
0,47,57.58154769281169,70.85866839166447,27,71.02129504570826,1,2,0.0,0,6.269669912020447,0.0,62.061088850590934,0,6,0,0,0,9,1.0,80.54148395194868,1,1,1,0,0,0,1,0,0,0
5,67,63.062996519324216,97.68369036966922,36,88.31895109846865,0,2,89.14551945861793,0,0.0,96.75149942399733,95.90079470113434,1,0,1,1,0,4,2.0,0.0,1,1,0,0,0,1,0,4,0,3
2,99,79.49680521686062,36.419900162416845,25,56.01582980165653,0,2,0.0,1,0.9252564412374473,51.63704413958763,49.53181879832857,1,4,0,1,0,11,1.0,5.835283071405167,2,1,1,0,0,1,0,1,0,1
1,52,79.78614344915313,47.18059873050205,25,71.23046534143032,1,0,87.79199757921269,1,75.86360535121614,56.17295890486925,61.77005863560768,0,6,0,1,0,1,1.0,0.0,0,1,0,0,1,1,0,3,1,2
2,97,95.49519946748725,44.767096172558496,25,61.09577784720048,0,0,79.04601734934167,0,42.872826221062795,50.62755191896392,47.08891214264597,0,6,0,1,0,1,2.0,0.0,2,1,1,0,0,0,1,0,1,2
4,36,77.66580384639911,94.70180261230865,25,87.37312526843895,0,2,86.98374357423438,0,0.9766750928258782,94.6957307911927,73.61946508105048,1,0,0,1,0,15,2.0,0.0,1,1,0,1,0,1,0,2,1,3
5,99,71.95955707488963,59.3314131321351,25,68.96105818997782,1,2,76.76444248455479,0,64.41443306955847,61.46220909640008,70.08360418461761,0,6,0,1,0,5,1.0,4.062012965857958,2,1,0,0,0,1,0,0,0,2
5,50,80.3362985807,82.50355197872517,25,78.31002325534214,1,0,77.00082622693795,0,0.0,73.62687448807023,78.26614930491462,0,6,0,1,0,9,1.0,2.9292512789538745,2,1,1,0,0,1,0,2,1,3
2,38,97.63298803889153,80.29027877741626,25,83.45755189314035,0,0,86.29045147074301,0,4.9793502686926905,79.42562662895872,82.37387464316926,0,4,0,1,0,0,2.0,3.376461284683059,1,1,1,0,0,1,0,1,0,3
1,17,77.67097175107361,85.35974639745847,25,82.62096759896303,0,2,85.21172394219604,0,0.0,89.43567438124447,64.98119167199185,0,0,0,1,0,8,1.0,1.302152292497237,1,1,1,0,0,1,1,0,1,3
6,99,71.48843088274316,73.74096202494435,0,76.71093305029976,0,0,79.83771207556049,0,87.72956598336543,65.4716859861283,81.82856118279432,0,13,0,0,0,2,2.0,77.67767486786767,1,1,1,0,0,0,0,3,1,2
2,99,89.58200807715173,65.28411510839202,25,78.81277460554693,0,2,85.36036242726354,0,85.29174386366634,72.2240667437149,64.75578679123029,0,13,0,1,0,14,2.0,94.5407552339339,1,1,0,0,0,1,0,1,1,0
5,51,84.71465606982852,99.2000354543942,8,88.05978959315848,0,2,86.73149838581084,0,92.68961620630938,84.54364426055388,93.20477291303759,1,9,0,1,0,2,1.0,76.96464447120725,2,1,0,0,0,1,0,2,1,3
0,53,49.94440945854977,60.21109049702294,26,56.72999969900722,0,2,0.0,0,1.4525624609354766,0.0,51.99586973058518,0,7,0,0,0,5,1.0,73.53362323882587,1,1,0,0,1,1,0,2,1,0
3,28,71.27482473584574,67.54649361648364,26,72.20108771684248,0,2,95.81620200058202,1,52.35936118821583,54.96294253174984,91.23176144310351,0,13,0,1,0,1,2.0,0.0,2,1,0,0,0,1,0,3,0,1
4,99,76.39980623925457,86.51042304318013,25,82.41546756084307,1,2,77.35154170994761,1,82.09406697006848,82.13347759654428,81.2108702355297,0,8,0,1,0,8,1.0,3.5340559507322853,1,1,0,0,0,1,0,0,0,1
4,67,79.45971999879139,101.71863504762037,25,92.1476889995495,0,2,92.60986089540343,0,102.70275342015759,87.2400473791142,88.08484012516081,0,0,0,0,0,8,2.0,0.0,1,1,0,0,0,1,0,0,1,2
6,99,93.4804245731594,95.77947343116429,25,94.08672572744833,1,0,0.0,0,92.2419938319818,0.0,96.4544898689039,0,0,1,1,0,9,2.0,1.3863702028541183,1,1,0,0,0,0,0,2,0,0
0,57,48.905059846251696,72.98271487862891,51,75.0500983035543,1,2,77.6520809414124,0,80.77892108758067,79.88750983163177,79.59304549669275,0,6,0,0,0,10,2.0,75.29457786498848,1,0,0,0,1,1,0,0,0,0
2,99,93.86383434649478,79.0113690694239,33,69.59181538743388,1,0,59.61285248948707,0,75.54566429581102,53.464637628997195,31.47185853591474,1,19,0,0,0,8,1.0,80.1957942373695,1,1,0,0,1,1,0,0,0,1
0,1,81.60619804608575,85.93795399781243,49,89.69232918045314,0,2,0.27883932332934364,0,0.0,0.0,100.75215188246784,0,0,0,1,0,0,1.0,92.39096164104298,2,1,0,0,1,1,0,4,0,0
5,99,76.18592807142863,91.9403786123345,28,86.63001753188213,1,0,77.95502341403748,1,0.0,91.39169521590765,94.79301605940455,1,10,0,1,0,1,2.0,0.0,2,0,1,0,1,1,0,3,1,3
3,19,87.7533927893924,74.23016870511064,25,76.33527872920622,0,2,73.9147695128208,0,73.66550574091637,80.47457078342545,76.73191842941002,0,19,0,1,0,10,1.0,0.0,1,0,1,0,0,1,0,0,1,1
4,76,76.18173186762303,91.02615219954046,25,76.22985058878629,0,2,0.0,0,0.0,70.98441020508596,71.0385012606229,0,6,0,1,0,10,1.0,0.0,1,1,0,0,0,0,0,0,1,2
0,56,84.70253732692773,69.42676816249156,25,77.68500296366607,1,2,0.0,0,0.0,0.0,3.729943186934616,0,4,1,1,0,8,1.0,4.1931094888406415,1,1,0,0,0,1,0,3,0,0
2,38,76.11343847446047,74.19580700746195,25,75.68887423396025,0,2,57.22371496268405,0,84.3689805839953,60.001949688153886,70.75709985149167,0,4,0,1,0,1,1.0,87.85852291662665,1,1,1,0,0,1,0,0,0,0
5,6,64.87377279795722,79.51123544179212,25,77.16824299707079,1,2,80.14444872073483,0,0.0,92.78327539481154,75.09471296873498,0,0,0,1,0,14,1.0,71.00358301151157,1,1,0,0,0,0,0,1,0,3
4,99,98.85203620505146,92.72049805634884,26,92.74221855332671,1,0,90.35376433692244,0,85.70239915790283,99.31523987110158,91.25222549280205,1,7,0,1,0,0,1.0,0.0,1,1,1,0,1,1,1,3,1,0
4,99,81.17189515531365,94.36131131122521,26,85.92363239104925,1,2,79.28464138236498,0,0.0,90.40665676495185,79.37656409606014,1,10,0,1,0,11,1.0,0.0,1,1,0,0,0,1,0,3,0,3
4,46,95.73606543484262,97.7174961311447,48,90.5499287371473,1,0,0.0,1,0.0,83.00333554287637,77.94060126690393,0,4,0,1,1,14,1.0,0.0,1,1,0,0,0,1,0,4,0,1
5,99,45.26081755633219,60.542294817017265,48,59.946611691596175,1,2,41.33054479618771,1,69.05305249278705,70.22974753077894,64.56069963537281,0,6,0,1,1,13,1.0,68.07147427661275,2,2,0,0,0,1,0,1,1,1
4,99,79.78768068485999,90.01998788298897,49,84.50503630613848,1,2,83.98735319654324,0,84.5915498616864,91.06041503296558,4.257382836009036,0,11,0,0,0,14,1.0,0.2147972213940764,1,1,1,0,0,0,1,0,0,1
0,58,69.42696323017448,51.005556887766076,49,74.43327176765472,0,2,0.0,0,0.0,0.0,99.41026145067639,0,7,0,1,0,2,1.0,84.62076231662054,2,1,0,0,0,1,0,1,1,0
4,50,69.66452575905303,89.06818703245528,25,82.9853139974992,1,2,74.58205502873895,0,5.580655750096471,79.17519024612403,100.06548820449375,0,6,0,1,0,14,2.0,0.0,1,1,0,0,1,1,0,1,0,1
3,82,66.13133021564076,55.39465502823889,3,66.5974188734943,0,2,68.0548086736253,1,65.84395759692762,68.78344899224624,0.0,0,17,0,1,1,9,2.0,1.4496773635706748,2,2,0,0,1,0,0,4,1,1
4,38,88.80658403815907,82.98345719148776,25,81.69153754451156,1,2,84.57301041094094,1,0.0,75.65593593027423,83.88604902276838,0,4,0,1,1,11,1.0,0.0,2,0,1,0,0,1,0,3,0,1
3,79,73.99306723172825,59.353771532353775,21,70.76098691656264,0,2,0.0,0,9.700815469663187,55.763978702164025,76.55420885659112,0,6,0,1,0,12,1.0,0.0,1,1,0,0,0,1,0,2,1,1
3,99,68.21258894686342,84.43944562308423,48,76.85544169488472,0,2,87.40625353512154,1,64.44747295342671,77.3520302783498,0.0,0,14,0,1,1,11,1.0,7.011858658880098,2,2,1,0,0,1,0,1,0,1
4,83,63.21783490350226,98.6531654088533,40,75.94737716590139,1,2,93.51728315667258,0,70.98386094003388,62.46031947639002,81.99731287894629,1,7,0,1,0,13,0.0,80.05954988853343,1,2,0,0,0,1,0,1,1,3
4,77,86.72235861753387,99.03746007215922,25,93.4800489317456,0,2,96.6348650627448,1,101.43059963619132,85.33862155361325,93.06642965591415,0,10,1,1,0,8,1.0,0.0,1,1,1,0,0,1,0,4,1,2
4,99,74.56236677974454,75.39489859521292,41,74.23189729300034,0,2,76.33933714535829,0,71.62192603186772,74.99456503383837,0.0,0,6,1,1,0,12,2.0,0.0,2,2,0,0,0,0,0,4,0,0
6,16,97.06700030670756,95.18367669114664,28,95.18961618963317,0,0,98.60996170629105,0,91.1863270630067,88.01787231143267,97.83098318447975,0,14,0,1,0,8,2.0,3.816324204849251,1,1,0,0,1,0,0,1,1,2
3,38,86.5240976790475,69.37732245354513,25,80.17907096135643,1,0,0.0,0,6.624331703688433,3.368140385348071,0.0,1,4,0,1,0,1,0.0,0.0,2,1,0,1,0,0,0,2,1,1
2,99,79.5346638834627,94.5676693892259,25,90.28797235332753,0,0,0.0,0,0.0,95.47074186728217,1.8615682907133762,1,0,1,1,0,1,1.0,0.0,1,1,0,0,1,1,0,0,0,1
4,64,64.85981623737315,95.20201202862148,42,87.90876100961715,1,2,96.71658866006273,0,0.0,90.89999049407919,89.12430814022281,0,4,1,0,0,8,2.0,2.0022999226389886,1,1,0,0,1,0,0,0,0,3
5,99,81.02969749244588,77.52722429992063,48,82.1068096116292,1,0,80.4731163531085,0,0.0,81.50603402868778,86.60889917352664,0,6,0,0,0,3,2.0,1.3827382440698595,1,2,1,0,0,1,1,3,0,0
2,18,94.80473992807856,87.66159693277443,4,75.81518095831576,0,2,69.13953676168754,1,0.26495813440029903,65.54557154273047,63.34027247015497,0,10,0,1,0,8,1.0,0.0,1,1,1,1,1,1,1,4,0,3
2,99,68.4444627595031,80.2206576916621,45,77.77396852349881,1,1,76.55943035910741,0,78.40369721260176,82.22936410315745,0.0,0,5,0,1,0,8,0.0,3.93798625685476,1,2,1,0,0,1,0,0,0,1
5,99,85.52710279719756,40.625274439685214,25,76.443130179231,1,0,85.57617930669487,0,70.54869826168705,63.324518573449744,88.993864629673,0,18,0,0,0,2,1.0,0.0,2,1,0,0,1,1,0,0,0,1
6,99,68.26263380432357,51.1155585956737,25,60.56091732584068,0,2,0.9847507172630461,0,0.0,0.29106442243405956,0.0,0,13,0,0,0,0,1.0,0.0,1,1,0,0,0,0,0,3,1,1
2,99,98.74250399497257,72.32383782519533,48,83.42495493342356,0,2,0.0,0,0.0,76.67709984780802,77.81154062775171,0,10,0,1,0,1,1.0,0.0,1,1,1,0,1,0,0,1,1,1
6,99,88.97290541818298,75.31300163901,25,80.65105002230246,0,2,73.6891594350929,0,81.00514884271333,85.15095271033987,80.59570925741052,1,6,0,1,0,10,2.0,76.5693827945316,2,1,1,0,0,0,1,4,0,0
3,93,89.60190779649392,85.55676410080076,6,83.45030361244864,1,2,0.0,0,0.0,4.441770817899569,85.78531529310274,0,7,0,0,0,1,1.0,75.47233164464471,1,1,0,0,0,1,0,2,1,1
0,34,72.65289311063118,90.07391353843595,25,83.60820221189513,1,2,91.43169175825393,0,91.20596564025604,78.38131728605069,0.05065360499959287,0,18,0,1,0,14,1.0,0.0,1,2,0,0,0,0,0,3,1,0
3,22,78.61876879404672,59.88479311646683,48,70.35218154742597,1,2,77.34072282288052,1,65.98481603184582,74.6227139085364,74.46361386086325,0,13,0,0,0,14,1.0,1.8008228258617662,1,1,1,0,0,1,1,3,0,1
2,4,69.43410916096214,86.72703462237257,26,82.36469688207289,1,2,80.04073650750648,0,86.82773317622136,77.70069349744979,89.17972677820478,1,6,0,1,0,8,2.0,5.304705665244999,1,1,1,1,1,0,0,1,1,2
3,99,89.77423535857125,61.99944896128836,25,81.69249955506704,0,2,0.145968729156987,0,5.875215396084736,0.9097051309874485,90.70238786359023,0,0,0,1,0,11,2.0,89.08844035337717,1,1,1,0,1,1,1,1,1,0
4,99,65.0947573510591,90.04000495191619,16,87.48478920984259,0,0,88.81322897795732,1,88.63978109604618,96.16617875674959,85.49814914233234,1,4,1,1,1,8,2.0,0.0,2,1,1,1,1,0,1,4,1,3
6,0,80.18774070660788,78.70597531612205,8,88.04172937154128,0,2,101.46759378822024,0,98.5651181433966,95.04633030181894,0.0,0,1,1,1,0,8,1.0,0.0,1,1,0,0,0,1,0,2,0,2
3,99,67.5539560892633,84.40693746424718,26,77.97106086713491,0,2,87.60284962899297,0,83.39133625939704,62.18616910938514,0.0,0,6,0,1,0,8,2.0,3.9219368894499342,2,2,0,0,1,0,1,1,1,1
5,85,52.393580797697275,78.59548887831394,26,75.95112027521282,0,2,96.29660260414312,0,0.6538976157803762,91.30707201241357,59.97876228094052,0,0,0,1,0,0,1.0,0.0,1,1,0,0,0,0,0,0,0,3
5,85,51.310818493815376,49.50599097476201,48,64.1250947492801,1,2,67.93629068786697,0,71.79371420092667,81.70567972769364,2.4891694656097743,1,0,0,1,0,12,2.0,0.0,2,2,1,0,0,0,0,4,0,0
6,99,87.38399651452566,82.23885133323603,44,90.14152269969868,1,2,94.52411593898019,0,88.24089882524954,2.3586632150237508,0.4009595143457636,1,0,1,1,0,8,1.0,0.0,1,1,1,0,0,0,0,1,0,0
3,15,86.63173618482533,99.27393935434586,25,91.7529294644181,0,2,85.03799236328223,0,0.0,87.90255340324045,97.61548088721852,0,18,0,1,0,7,1.0,5.910461591465982,1,1,0,0,1,1,0,1,1,2
3,66,63.1463979711132,74.70471232821598,56,78.06886611166362,0,2,85.6623186843283,1,76.31976030843596,90.4141447421377,81.98968706158789,0,0,0,1,1,13,2.0,71.72348781343355,2,1,1,0,0,1,0,1,0,1
3,7,71.00501253067364,56.40535308045864,48,71.54141274323563,1,2,77.9245547563113,1,78.51328567365839,61.318874787518496,92.5168614922318,1,3,0,1,0,13,2.0,71.09202256403941,2,1,1,0,1,1,0,0,0,1
2,44,81.39379859039225,71.03344425690807,48,77.11361456359869,0,2,8.876330455158806,1,0.0,77.81666748569903,74.69275302533046,0,4,0,1,1,13,2.0,1.1763021713908075,2,1,0,0,0,1,0,3,0,1
5,99,95.64214142446497,87.87272530062398,7,89.75341826576998,0,2,10.801728788524118,0,7.086961784510912,0.0,77.51223866796175,0,10,0,1,0,11,1.0,0.0,1,1,0,0,0,1,0,3,1,2
1,40,94.87055906417285,100.63619389539552,48,89.78101759684925,0,0,84.39840958933783,0,79.17676013713898,81.8791930065375,0.0,0,5,1,1,0,9,2.0,0.0,1,1,0,0,0,0,0,2,0,2
3,54,49.055626100572255,99.20849261123108,30,83.0611776331834,1,2,0.0,1,4.11852747115506,92.47955112373324,89.20572632188474,0,4,0,1,1,10,1.0,3.08025085197946,1,0,0,0,0,1,0,3,0,1
4,99,62.825921728935995,68.70495863034172,48,67.570291061195,1,2,5.007149647658642,0,0.8950500791329274,69.75915402775756,0.0,0,6,0,1,0,13,1.0,0.0,2,1,0,0,0,1,0,3,0,3
0,0,39.1971043194201,42.87814795615179,48,57.803452762380374,0,2,53.95998950467137,1,56.68880029736977,73.34914712911882,78.86935648902949,0,10,0,1,0,8,0.0,52.448107560890435,2,1,0,0,0,1,0,1,0,1
4,35,89.59684237507462,91.90086378062354,52,88.55731713433762,0,2,0.0,0,5.708412428019921,3.27967943715389,3.2607049609805276,0,4,0,1,0,9,2.0,1.4372774229889842,1,0,1,0,0,0,0,3,0,2
3,61,86.97647310700205,95.43673365330716,26,91.82981968819952,0,2,1.8785542757977607,0,0.0,102.29942465064038,86.41771032391335,0,22,0,1,0,8,1.0,1.5390423160272706,1,1,0,0,0,0,0,1,1,1
4,99,67.21447552327743,98.41372625447536,54,90.90438053018795,0,2,80.64013084617484,0,102.10330946171855,102.06023633214464,99.54004348602095,0,0,0,0,0,6,1.0,86.11172361913287,2,1,0,0,1,0,0,1,0,0
4,78,78.22025623430304,91.15591639680581,25,80.38372129127856,1,0,91.47728435557187,0,71.22353939880706,85.3800981588663,0.0,0,6,0,1,0,12,1.0,79.61724358645688,1,2,0,0,0,1,0,4,1,1
3,38,79.21841017294426,94.05498502290868,38,85.09791731614872,1,0,78.87144634319121,0,89.76614163455994,69.97713378574653,83.3407074899106,0,0,1,1,0,12,2.0,105.58318180315531,1,2,1,0,1,1,0,2,0,2
2,99,89.68791928355532,91.1217604901613,54,78.9523613981919,0,1,81.00443531773399,0,77.28703697672091,75.46069966395268,69.43221332314567,1,18,0,0,0,13,1.0,67.57029828575341,1,0,0,1,0,0,0,0,0,3
4,99,69.00382463625998,75.80128417442712,13,69.4079920015867,1,2,56.0223928720273,1,66.54241201427419,68.7688832669782,68.8070844085587,0,18,0,1,0,8,2.0,67.8642785747045,2,1,0,0,1,0,0,1,0,0
5,13,59.984478167653236,80.2302330364899,1,58.269275707659745,1,2,52.60621817043643,0,76.03575336259432,41.66075717115567,50.08282596315852,1,0,0,1,0,12,2.0,51.79314754163945,1,1,0,1,0,1,0,1,0,3
1,8,64.74981732172031,55.817022636972595,25,60.53378925577313,0,1,73.92468517987803,0,89.29762571886512,46.54898588122587,24.661435687002346,0,5,0,0,0,9,1.0,78.31155428418447,1,1,0,0,0,1,0,0,0,1
2,42,67.14031303060374,66.19558794211153,25,64.07376722393838,0,2,58.913085843036114,0,56.81320444708523,54.06279492162212,50.74698829088296,0,14,1,0,0,9,2.0,94.68470719065076,1,1,1,0,0,1,1,0,0,0
3,99,85.63377553944622,88.38272955338417,54,83.19493586524081,0,2,88.99483636664597,1,88.44796169089166,87.2568340831447,69.15401813659822,0,6,0,1,0,0,1.0,61.95260561825504,2,1,0,0,0,1,0,1,0,1
6,8,72.36318672442405,64.98051183153908,25,77.44432897166384,0,2,75.92087647085,0,88.73583386876125,68.53005783299731,80.9484319196227,0,5,1,1,0,6,2.0,95.33581536825878,1,1,0,0,0,1,0,1,0,2
3,90,78.46499380134776,80.82166257977062,54,85.88083544519054,1,2,85.00722334390728,0,93.95150106476038,88.72790778404517,93.3265084987837,0,5,0,1,0,0,1.0,78.16718001398125,1,2,0,0,0,0,0,0,1,1
4,99,62.00987292774668,74.71972356800225,25,69.4698794238186,0,2,80.33828290752199,0,72.70296886855454,69.76929151490413,64.46615656615359,0,6,0,0,0,10,2.0,54.557098175875,1,2,0,0,1,1,0,1,0,0
6,42,72.38635206282262,61.00917552317244,25,64.2313852625633,1,0,61.01822338785604,0,56.738140618854196,76.62003838328103,64.49009749636356,0,13,0,0,0,2,2.0,58.825586309621436,0,1,0,0,1,1,0,0,1,3
0,11,69.43333397867997,81.40161973693095,42,75.285566618052,1,2,54.495251536602936,0,56.374498306398046,68.04079651830817,76.3441333914378,1,4,0,1,0,3,1.0,85.93944055093388,1,2,0,0,0,1,0,3,1,0
0,89,66.86031217298824,78.8230837542214,11,68.6593107638401,1,2,59.328298451586214,0,65.23947272306404,70.4481700932891,70.08186852547526,0,18,1,1,0,0,0.0,76.95214562300757,1,1,0,0,0,0,0,1,0,0
2,92,96.90066304761004,88.58480377080197,11,71.87044902518019,1,0,44.80308269141153,0,43.10333432138965,86.71032380995534,82.18208656422854,0,24,0,1,0,10,2.0,48.90428043248997,2,0,1,0,0,1,1,3,0,1
5,84,89.48556554340747,83.21237660320536,11,71.44807066004158,1,2,0.0,0,0.08000178496479168,82.27871517361588,38.16666367843985,0,23,0,1,0,9,1.0,68.47108803058899,1,1,0,0,0,0,0,0,1,3
6,30,56.11507079014525,90.16349764361641,25,79.30357010219748,0,0,83.64838921029775,0,64.75514159242964,66.13242907604875,94.56265201536084,0,5,1,1,0,12,1.0,91.8632248674173,0,1,0,0,1,1,0,2,1,3
4,32,67.78515778989704,77.98479231416867,1,60.50446069341731,1,2,47.802230199392255,0,69.43043869034216,57.98573604463919,46.687910297740565,1,0,0,1,0,8,1.0,39.18642963545355,1,1,0,1,0,0,0,1,0,3
6,98,68.7201211497663,59.42132948311559,54,61.785161256669184,1,1,68.92593650174756,0,42.8076408293661,67.48568705104103,0.0,0,5,1,0,0,2,1.0,2.130213108460814,1,2,0,1,0,0,0,3,0,3
0,99,88.5550936072554,75.49284239624545,14,72.60944997884457,1,0,0.0,0,11.286932149757943,68.59417495757296,35.21113607609276,0,18,0,1,0,11,2.0,93.61226916121612,2,0,0,0,0,0,0,1,0,0
2,99,99.29783771471976,102.1055761448762,39,99.29459633856214,0,0,93.1963988299339,0,91.69162623148759,100.63428479549825,94.2489782176786,0,6,0,0,0,9,1.0,98.07542833447212,2,1,1,0,0,1,0,2,0,0
6,65,77.01822723857249,81.05802052361476,48,77.23054215226064,1,0,59.89957507951005,1,79.81848355270658,79.08100737489494,94.74849225422648,0,18,1,1,0,3,1.0,82.41042401326595,1,1,0,0,0,1,0,1,0,1
5,99,88.42746692974117,65.51118923943214,12,67.99471442222897,1,0,0.2267389799520348,0,0.0,72.62832037330887,42.85404105468916,0,6,0,1,0,10,1.0,79.10434863323512,2,1,0,0,0,0,0,0,1,1
6,85,78.23150634605739,100.70300586772636,22,85.65730816672428,0,2,93.17520039883688,0,89.82029730223164,82.54281053459037,60.86403408782036,0,0,1,1,0,5,1.0,94.02414567144709,0,1,0,0,0,1,0,2,0,2
2,91,79.26328943709521,55.788199970670846,25,69.06494037481421,0,2,50.20441653328375,0,76.01693350430197,63.67047227395388,66.81071513510634,0,6,0,0,0,5,2.0,102.6648029450738,1,2,0,0,0,1,0,0,1,0
0,3,55.85848406384129,50.986151294421305,54,70.20335774362403,0,2,87.41925863022172,0,77.23641449829944,47.304206983647184,62.309251261149,0,6,0,0,0,7,2.0,97.09266210060791,1,1,0,0,0,1,0,3,1,0
2,81,71.19851629148405,59.63395603813421,25,65.61049910214766,1,2,59.12779902635785,0,60.777531283159846,70.15426306723452,0.43183661988936406,0,6,0,1,0,6,1.0,1.117580949972616,2,2,0,0,1,1,0,0,1,1
1,70,77.82668284424032,101.48872304626104,25,83.9015645539433,0,0,68.80198875629722,0,89.05707160165663,86.41739126358382,73.74688810615221,0,6,0,0,0,12,1.0,79.46163782286318,0,1,1,0,1,1,1,2,1,2
2,99,90.93393704480748,97.93601761750026,25,96.60278560646813,0,2,0.0,0,0.0,6.271856963528724,0.15774412394636728,0,6,0,1,0,10,1.0,0.0,1,1,1,0,0,1,1,1,0,0
6,45,79.09463679818913,98.23204237048853,42,81.27929764428387,1,0,73.73052884317975,0,67.08743376701067,89.05812515499309,90.24625391952716,0,4,0,1,0,11,2.0,84.0072499697506,1,2,0,0,1,1,0,2,0,2
4,99,74.78107396497444,81.72937806846375,26,74.12784920550102,1,2,65.48097000832908,0,69.01029769836755,81.22625692731107,0.0,1,12,0,1,0,10,2.0,0.0,1,1,0,0,0,1,0,0,1,3
0,99,78.17090011765627,77.67727287090128,53,79.06978855164954,0,2,3.0681858610171346,0,8.775074216493143,0.0,78.21598448936702,0,6,0,1,0,9,2.0,87.28847914042412,1,1,1,0,0,1,0,0,0,0
0,99,73.25785766704801,83.2544668440878,19,85.33592128323743,1,2,0.0,1,0.3704120663994099,0.0,96.82533500423045,0,5,0,1,0,10,1.0,2.5776023023732924,1,0,1,0,1,0,0,2,1,1
4,99,55.43843217745333,83.01793468762624,25,78.01021734638917,1,2,79.5578562265971,0,77.73918900464132,73.6661365720276,86.50207265862488,0,4,0,1,1,13,2.0,94.74199643089234,1,1,0,0,0,1,0,0,0,3
6,27,74.3629894750093,84.69355512371442,45,80.922205021464,0,2,81.12116049892447,0,71.8499175517328,76.18704238050925,0.0,0,5,0,1,0,14,1.0,6.9633046268708085,2,1,1,0,0,0,0,2,0,2
4,69,79.68478792626128,74.29737017855804,46,71.21572860047492,1,2,69.94942825102298,0,64.02138050261522,75.58310530501683,72.47027774923228,1,0,0,1,0,10,1.0,9.003853069178957,1,1,0,1,0,1,0,0,0,3
0,99,78.31913968674085,74.4809853224349,25,80.4428049193875,1,2,0.0,0,7.550955019191331,2.3757247935259045,84.68452687907762,0,10,0,1,0,10,2.0,83.2662028740686,1,1,0,0,1,1,0,0,1,0
0,101,84.25630226243432,86.18539600091597,25,73.20466593614015,0,2,2.0260058325847865,0,0.0,3.0364365120656758,58.74937721042709,1,16,0,1,0,8,1.0,0.0,1,0,1,1,0,0,1,2,0,2
2,38,72.5861580781741,60.15405065381748,25,74.24645445554046,0,2,75.77392428925172,0,84.03017905833511,65.30416319850438,75.36127808257089,0,1,1,1,0,3,0.0,79.57561834173062,1,1,0,0,0,0,0,0,0,2
2,0,73.4069976501977,85.79179627092682,48,81.65606632413717,0,2,73.09740850813675,1,93.26011622258179,79.2330337373348,0.0,0,7,0,0,1,12,1.0,4.762554979971021,2,2,1,1,0,1,1,0,0,1
4,99,54.05950807864129,71.7472906587109,20,66.75816510077536,0,2,67.91645493407617,1,0.0,63.25763594085098,0.0,0,2,0,0,1,12,2.0,74.91259592166668,2,2,1,0,0,1,0,2,0,1
3,49,95.10434805322988,97.60528278385455,26,98.52493795646134,1,2,0.6938817041748241,0,0.0,94.00554060950634,95.49113060449008,0,6,0,1,0,9,0.0,97.0101106878869,1,1,0,0,0,0,0,0,1,1
2,41,74.83584577962759,64.83315716472555,58,74.1053334559625,0,2,87.98769340339278,1,59.032022763131444,69.17655884491553,69.91519424682649,0,8,0,1,0,0,1.0,78.0803054830482,1,1,1,0,0,0,0,1,0,3
6,99,77.9849833273993,85.70358832980327,28,82.63487936688524,1,0,90.69669613368717,0,75.57002845723287,71.04118231540126,88.04955713303572,0,4,0,1,0,15,1.0,0.0,1,0,1,0,1,1,0,0,1,2
5,99,91.71282699728278,87.06410741979427,50,98.10469162392677,0,2,95.1954385635119,0,97.12636522791351,93.35994855681002,102.3051348293747,0,1,0,1,0,8,2.0,1.7150462795570276,1,1,1,0,0,0,0,0,0,1
6,23,84.27050773933698,90.37139401213004,25,87.6627241160624,1,2,0.0,1,0.0,1.2756246502563044,0.0,0,13,0,1,1,11,1.0,1.7043503778530738,1,0,0,0,0,1,0,0,0,0
4,99,94.12418476537547,89.2529150884226,25,91.35783493346426,1,2,1.093668945982118,0,0.0,0.3660805175101314,0.0,0,13,0,1,0,6,2.0,0.961405039563875,1,1,0,0,0,1,0,1,1,0
2,99,57.35153092522032,49.97195358796228,47,61.09379453558469,0,1,56.429229188009856,0,73.03579489664251,52.789106761364756,0.0,0,6,0,1,0,13,1.0,0.0,1,1,0,0,0,1,0,0,1,0
6,37,69.74460492286343,86.76794298450088,59,83.7336070148356,0,0,74.3274479128212,1,87.08621596206382,89.8829686435271,90.4256046184288,0,6,0,1,0,14,1.0,1.4805003996839579,1,1,0,0,1,1,0,2,1,2
4,99,84.58483285686168,93.05168536167305,25,88.98852065576695,0,1,91.7471706849782,0,89.31834044406355,81.92618587596085,88.63963670762057,0,4,0,1,0,14,1.0,81.65849182805664,1,1,1,0,0,1,0,0,0,0
3,99,70.28696287984855,69.98481820793359,26,77.94350568232464,1,2,76.48639733804025,1,73.08820461147816,79.26703450137165,85.00058857235118,0,20,0,1,1,4,1.0,2.3928637460394726,1,1,0,0,0,1,0,0,0,1
4,72,93.04318630923558,95.27607926575155,37,97.96862755438812,1,2,4.145332351617867,0,0.0,0.0,0.4161469373335395,0,14,0,1,0,2,1.0,0.0,1,1,1,0,0,1,0,4,1,3
3,12,99.14614030422543,98.1488070624386,10,94.44103087924258,1,2,90.46268811701475,0,92.96589809398834,91.44549388735109,99.04207032092094,1,18,0,1,0,12,1.0,0.0,0,0,0,0,0,0,0,2,0,3
4,50,97.9130936114319,99.14391741280672,37,95.82157846454871,1,2,0.0,0,0.0,0.0,0.3917507904538111,0,14,0,1,0,2,1.0,0.0,1,1,1,0,0,1,0,4,1,3
5,99,49.07666701959606,62.81436885456115,43,64.99510184944288,1,2,0.14892636413499155,1,3.275055809299517,85.35402808781356,61.38048590045228,0,4,0,1,0,8,2.0,0.0,2,0,0,0,0,0,0,0,0,1
5,86,96.9687285081801,93.34338503828418,9,95.28499488521987,1,2,97.45171625152503,0,102.79753018348549,96.98259047319902,87.13458314744489,0,0,1,0,0,3,1.0,5.738324174460586,1,1,0,0,0,0,0,3,1,3
4,55,77.12225294621204,92.84451063369113,15,88.28573539575089,1,2,99.82032143212956,0,91.86549777237435,86.70051825706499,87.81028143763899,0,4,0,1,0,14,1.0,0.05590209831907254,1,1,0,0,1,1,0,1,0,3
5,3,91.33331999507377,39.55446153676964,55,69.51618171847636,0,2,87.29276982095838,0,89.27248744644564,82.0207290271026,39.394117970913534,0,6,0,0,0,4,2.0,3.2571372412142376,1,1,1,0,0,0,1,3,0,0
4,26,64.33361025040534,77.1748674965961,34,70.7387587212168,1,2,69.5355954226558,0,90.17035423522884,65.72136545441788,66.6023361478897,0,22,0,1,0,4,1.0,0.0,2,1,0,0,0,0,0,0,0,3
2,65,77.98891814307973,72.70855460344659,25,80.89121613933439,0,2,81.92171185275981,0,0.0,90.8730089756933,74.71645465801838,1,6,0,1,0,8,1.0,0.587814564147204,1,1,1,1,0,0,1,0,0,3
4,87,84.19994220873504,73.93679030123309,26,76.96126404462694,0,2,50.91825000151184,0,5.349833148722169,98.2851592964306,78.25145847838012,0,0,1,1,0,14,2.0,6.56689215155955,1,1,0,0,0,1,1,4,0,3
4,99,91.28000958210848,100.17190700995413,25,92.78716137089779,0,0,92.25311431479913,1,78.8134372118726,93.63472030921216,92.85550965487097,1,8,0,1,1,1,1.0,0.6942212067477596,1,0,1,0,0,1,1,1,1,1
6,105,90.98585062019939,82.82994372650349,25,86.24932774219936,1,2,84.90536377466124,0,85.00088801582818,86.0894586229989,94.76044678258921,0,6,0,0,0,4,2.0,0.0,1,1,0,0,0,1,0,0,1,1
2,99,93.22870440372715,75.14481766416694,26,84.10903546065988,1,2,82.34700001842619,0,5.3842148224781505,97.57080853133566,86.010712631963,1,4,0,1,0,14,1.0,0.0,2,1,0,0,0,1,0,0,0,3
6,99,97.69955722261007,100.59673565514399,25,97.07703355587344,1,2,90.81605649388729,0,0.0,99.13225142697765,88.06884131151193,0,18,0,1,0,8,1.0,1.6978834947634571,1,0,0,0,0,1,0,1,1,3
6,99,63.948358792254666,84.5093921268684,26,87.65154474589924,0,2,95.01296145605248,0,101.69127479615173,100.8456782209884,82.32060396670411,1,5,0,1,0,9,2.0,0.0,1,1,0,0,0,0,0,1,0,3
2,94,79.9910248913193,81.54008116804339,25,59.58047001811331,1,2,50.82206207594803,1,45.38679159912004,27.758723241602453,61.395028349763834,0,21,0,1,1,9,1.0,1.2494225907725514,2,1,1,0,0,0,0,1,0,0
4,29,65.30028834584431,98.94566986210211,25,88.65515751659021,0,2,77.72981180365046,0,3.757888031217905,100.0117486733234,88.43000561422767,0,9,0,1,0,11,1.0,0.0,1,0,1,0,0,1,0,0,1,3
0,5,73.55883939915299,77.45071378913818,29,61.567843860278494,0,1,39.00531758628076,0,34.58277300382987,63.38695623515375,64.74010493217075,0,14,0,1,0,1,2.0,78.05398035323954,2,1,1,0,0,1,1,3,1,0
5,83,78.60922363278515,86.90333739717585,26,83.57067242440078,1,2,6.599673362861175,0,0.0,0.0,4.71930672648266,0,14,0,1,0,10,0.0,5.363411805392729,1,1,1,0,1,1,1,1,0,3
6,43,87.73834030808065,84.14690849268689,25,87.43602662888578,1,2,2.171077925402134,1,0.0,0.0,1.6165148924918071,0,4,0,1,0,3,2.0,1.6234745039210006,1,0,1,0,1,0,0,2,1,3
4,99,75.0484160169753,88.96304941833681,25,86.41602049500926,0,2,0.0,0,6.099345583420461,0.0,92.72817160704835,0,8,0,1,0,1,2.0,89.58629418838335,1,1,0,0,1,1,0,2,1,0
6,80,74.3845132180032,94.18117545903648,48,86.32498265205714,0,0,87.99000640629899,0,1.1181632163844142,2.3162397208231567,79.34888419214431,0,6,1,1,0,8,1.0,87.37704142674744,1,1,0,0,1,1,0,2,1,0
6,99,89.74076112394694,85.50812623919224,25,84.53855258441128,1,2,83.58579950274388,0,0.0,82.31189315624123,87.62381378122336,1,4,0,1,0,7,2.0,96.51831526696985,1,0,1,0,1,1,0,0,1,0
4,99,74.19229519659223,51.64229040794444,26,67.02332468086225,1,0,78.48682858110298,1,72.63630947610207,64.15676741912254,1.5725312246435132,0,7,0,1,0,12,1.0,4.9473284078991515,2,2,0,0,0,1,0,4,0,1
2,99,73.6714324288965,50.7353525740871,25,72.01176202524333,0,2,72.00980975385653,0,87.08770396278535,72.62125354748248,3.6315706271972883,0,6,0,1,0,4,1.0,0.0,2,1,0,0,1,1,0,1,0,2
4,24,59.76271871591962,79.93474393686283,25,62.86757992163667,0,2,51.11499400144577,0,54.43428344406318,66.17985561603943,0.7190161335224529,0,4,0,1,0,4,2.0,0.0,2,2,1,0,0,1,1,0,0,1
2,99,97.12674100639853,84.26209558687468,31,85.42232771049555,1,2,87.63403025429749,0,82.51206637108098,76.11524863890268,0.0,0,18,0,1,0,0,0.0,0.0,1,1,0,0,0,1,0,2,1,1
4,99,62.157105096036055,93.76425062638596,36,87.91830910947529,0,2,86.30074837852449,1,0.09396513180919408,89.52932194715378,89.42801592598461,0,1,0,1,1,8,1.0,0.0,1,2,0,0,0,1,0,0,0,1
4,71,90.2875846328298,95.95820356417045,25,83.8163479176854,0,2,86.17326028424051,0,5.982071156721192,81.12799751125088,78.47202989639807,1,6,0,1,0,14,1.0,80.66101497443324,2,1,1,0,1,1,0,0,1,3
2,88,39.84568668347433,63.971863279511595,24,50.58374373996302,0,1,41.28173433384497,0,0.7533155103961281,57.38572117519458,0.0,0,23,0,0,0,2,0.0,0.0,1,1,0,0,0,0,0,0,1,0
6,31,79.26460453827991,82.61472682298361,48,77.87634149599327,0,2,81.05473316326531,0,87.3444192428171,76.15306648478776,76.825255411142,0,6,1,1,0,12,2.0,7.809545949573004,1,1,0,0,0,0,0,2,0,2
2,99,81.00226703277171,89.10210485675385,48,87.80721981744965,0,0,84.13296126815352,0,85.82636375571082,98.55922384226662,94.58240585841965,0,6,0,1,0,1,2.0,0.0,1,1,0,0,1,1,0,1,0,2
2,39,91.24813592171014,91.08671020399503,49,74.12091713103608,0,2,89.39619295388714,0,63.411443373951286,72.64432584422643,64.6012108324098,0,20,1,1,0,13,1.0,48.77130909870739,2,1,0,0,0,1,1,0,0,2
3,99,77.82752754923344,90.89161606937418,48,79.86696116984199,1,2,2.737124177781925,1,5.449941034437517,76.94622656235212,79.19305635342148,0,15,0,1,1,9,2.0,1.5117208419989752,0,1,1,0,0,1,0,1,0,1
3,102,63.448915936676066,67.27433930655661,54,78.50609393861635,1,2,82.05437587957591,0,96.44514066678236,81.97808309747573,4.412545160359659,0,18,1,0,0,12,1.0,0.0,1,1,0,0,0,1,0,4,0,2
4,99,53.75970317813596,56.42836631231075,18,49.482977732366244,0,1,40.01280867837947,0,57.179322614672294,40.09318830261353,51.6352044846565,0,5,0,0,0,9,2.0,52.74003020891764,1,1,0,0,0,0,0,4,1,2
4,96,79.84141504724921,88.88179549000421,57,86.92375132405725,1,2,0.9557071245261423,1,0.0,0.0,0.0,0,11,0,1,0,8,1.0,0.0,1,1,0,0,0,0,0,0,1,1
6,99,81.09883613150267,86.98293127112478,25,82.15539748808723,0,2,82.09925117942763,0,73.66552394267516,73.72196452962886,91.56043954943432,0,4,0,1,0,9,2.0,1.04426438052421,2,1,1,0,0,0,0,0,0,2
4,62,70.36254116460063,84.38614503609047,48,79.33204042973321,0,2,3.229434817907921,0,0.0,1.7027965145032347,75.83974753560081,0,0,1,1,0,1,2.0,94.43783673220817,1,1,0,0,1,1,0,2,1,0
6,99,83.84398433893452,96.7285552557396,48,89.41638851158658,0,0,91.29257423723325,0,94.17024120046881,89.02877664990591,81.14836669804812,0,10,0,1,0,12,2.0,0.0,1,1,0,0,1,1,0,4,1,2
6,106,91.83320608315051,95.32207256655252,25,95.43925916391245,0,0,89.82457345913704,0,107.97612419576068,0.0,2.5723839804776616,0,18,0,1,0,6,2.0,0.0,1,2,0,0,0,1,0,0,1,2
6,99,80.56978876534386,97.21795061350814,22,87.07630377889463,0,2,91.91807063283436,0,0.0,88.54498833196247,69.94459120745462,0,14,0,1,0,15,1.0,0.0,1,1,1,0,0,1,1,0,0,3
4,99,90.5400461242022,83.20942824798676,26,89.82482670881903,1,2,79.42045415441248,0,90.6457257172668,95.80434382559795,0.5747272798062077,0,18,0,1,0,10,1.0,0.0,1,0,0,0,0,0,0,0,1,2
3,21,81.65991688915605,70.09495015524534,28,63.80901019951279,1,2,36.44229168023483,1,10.09273238283461,56.454106518347906,5.525703090303968,0,5,0,1,0,2,2.0,0.0,2,1,0,0,0,0,0,4,0,1
2,50,83.66238411392241,96.38385195576296,25,86.48749774138443,1,0,89.43075817532451,1,90.59688158783815,81.64592154262233,97.84627165867802,0,10,0,1,1,10,2.0,0.0,1,0,0,0,0,1,0,3,0,1
4,99,42.67060381727188,91.96526410849067,25,63.12575544994194,1,2,28.293537418960092,0,80.74519644592928,71.73077571951355,62.00380222552311,0,4,0,0,0,2,2.0,0.0,2,1,1,0,0,1,0,0,0,3
5,25,79.59771398503683,32.02563023193309,25,54.29257075665233,0,2,0.0,0,0.0,82.60527237609736,34.61139336510025,0,6,0,1,0,15,2.0,4.008373709563812,2,1,0,0,1,1,0,0,0,1
3,99,70.00504313757783,84.28828249570668,25,77.94822494950398,1,1,4.222983274797161,0,4.285749603890794,77.800840360374,77.2104834608489,0,4,0,1,0,3,1.0,2.5383906147002016,2,1,1,0,0,0,0,1,0,3
2,85,90.65641315263986,73.59695385618369,8,81.96862247666331,0,2,65.57212096104004,0,89.96887186291667,83.85273501072811,92.32346187589417,0,0,1,1,0,13,1.0,0.0,1,1,0,0,0,0,0,1,0,2
3,99,69.33065419633994,94.69757418639774,25,89.13187280445422,0,1,1.0900650316636722,0,0.0,96.91198691335849,104.7782434266159,0,14,1,1,0,14,0.0,0.0,1,1,0,0,0,1,0,1,0,1
6,60,86.39562017897887,87.8780359525748,37,85.80624908779355,0,2,85.82111342058461,0,91.25769243151969,97.21542053636267,83.69856359521404,0,0,1,1,0,10,1.0,78.22331917150444,1,1,0,0,0,0,0,0,0,2
2,99,64.19935262780025,57.773838108914845,48,70.56912939261042,1,1,0.0,0,0.0,0.0,93.39988229175972,0,6,0,0,0,6,2.0,6.817553862746119,1,1,0,0,0,1,0,3,1,1
0,100,84.66131383513971,73.43605199022528,26,85.54898932718945,0,2,87.9156087894079,0,102.98506259625434,85.17102325280077,103.46422026450782,0,4,0,1,0,8,2.0,74.043896204336,2,1,1,0,0,1,1,4,0,0
4,99,92.03315226797402,90.92786965332324,25,87.50419695308977,0,0,7.012330896722521,0,6.54152592792951,80.73870075455088,93.03819547792327,0,4,0,1,0,12,1.0,0.0,2,1,1,0,0,0,0,1,0,1
2,99,94.92990784955406,54.34080646416659,25,82.88477765971211,0,2,97.49368266028495,0,86.49311095296247,93.4775796889289,80.56096069271399,0,14,0,1,0,3,1.0,81.61338133127988,1,1,1,0,0,0,0,0,0,1
2,95,81.79526234347023,81.82907034840181,25,67.31677198662852,0,2,0.0,0,0.27505890726754384,1.4970134771880805,29.88305608213294,0,6,0,1,0,11,1.0,0.0,2,1,1,0,0,1,1,3,1,0
2,75,80.78412182065716,76.39772323510878,26,74.85455559220084,0,0,0.0,0,6.3842676706313535,72.15841792833224,75.62190136693809,0,0,0,1,0,3,2.0,1.8733725038254287,1,1,0,0,0,1,0,1,1,1
3,99,88.01145585827916,76.53626172376181,25,82.8112908615043,1,0,60.81460591034423,0,99.54482287160404,86.90878577624468,87.7528761126364,0,4,0,1,0,14,1.0,1.4883081946405161,1,1,0,0,0,1,0,0,1,2
4,99,60.621825879869974,71.75400375556836,28,68.16967556720083,0,2,3.0253578060196613,0,2.698293012163068,0.0,59.82437059042342,0,4,0,1,0,14,1.0,80.70675269393679,1,1,1,0,0,1,0,0,1,0
4,99,44.67999677930853,88.22736101924889,54,65.13915771056793,1,1,46.03515821571191,0,4.967557931439199,78.4873580340041,70.8162095189081,1,0,0,0,0,2,2.0,0.0,0,1,0,0,0,1,0,0,0,3
2,14,82.07500040096504,60.88045321357716,25,55.55891712362875,1,2,50.408045979025104,0,0.8162818934626934,44.64957007151419,63.43918406642804,0,18,0,0,0,12,2.0,45.019461909290804,2,1,0,0,0,0,0,4,1,0
4,59,78.68655907377452,75.51297716682092,25,73.28312143021823,0,2,65.94314841228922,0,0.0,74.52159760644588,65.91396448551907,1,4,1,1,0,13,2.0,0.0,2,1,1,0,0,0,1,1,0,0
4,104,43.958240327106886,86.40924382771802,25,80.48873152232446,0,2,97.8725545477905,0,81.95090051194929,88.33951381163116,82.6483258326906,1,4,0,0,0,14,2.0,0.0,1,1,0,0,0,1,0,1,0,3
4,99,71.91474802594104,96.63251624340376,48,79.5932776866091,1,2,79.56763492726994,0,3.8581080506589216,81.72064317003061,0.0,1,18,1,0,0,12,0.0,71.1739527923168,1,1,0,1,0,0,0,1,0,3
4,99,65.37848619652374,58.39942327265973,25,65.87310118001659,0,2,0.0,1,0.0,68.56432391334845,68.78859438546178,0,0,0,1,0,12,2.0,0.0,1,1,0,0,0,0,0,1,0,1
0,38,60.88141329214293,54.99079518888458,26,70.36889086419208,0,0,73.68360339623489,0,0.0,75.43289986020552,2.0421519257598773,0,4,1,1,0,11,2.0,81.05359486990922,1,1,0,0,0,0,0,1,0,0
5,63,63.9181036483009,93.93911120082784,35,85.98440160909799,0,2,0.0,0,4.71515351433967,91.54478220640605,85.56580633632454,1,4,0,1,0,15,2.0,88.55738735592628,1,1,0,1,0,0,0,4,0,3
6,99,95.84635433218588,93.5041274970364,25,90.7523946301851,1,0,87.05710074049404,0,91.61785859213441,95.52548130766627,91.52807243979235,0,18,0,1,0,9,2.0,95.46280589179324,1,2,0,0,0,1,0,0,1,0
1,33,70.2584423117767,70.80054714765073,25,74.77763210622297,0,1,88.53723364038751,0,84.62323448880396,67.8900886947228,68.05856487309612,0,3,1,1,0,13,2.0,73.03520944725545,2,2,0,0,0,1,0,1,0,2
1,99,91.03211817670056,90.11636347622347,25,93.70294762644862,1,0,97.1695517281711,0,93.3636248487439,100.71048125318735,2.813267357683186,0,6,1,1,0,10,2.0,0.611849773962669,1,1,0,0,0,1,0,2,0,2
2,103,94.32951249337815,78.44342455291373,26,84.85187263432846,0,1,0.5519949644377847,0,0.0,0.0,0.0,0,13,0,0,0,12,2.0,3.134702678692477,1,1,1,0,0,1,1,4,0,1
2,99,42.19640804923551,48.96176165480459,26,44.18230283937871,0,2,45.43026309649226,0,0.0,41.92821897475978,0.0,1,0,0,0,0,8,1.0,0.0,1,2,1,0,0,1,1,1,1,0
2,20,75.03915741148738,81.64346319064946,26,85.55680590376674,0,2,93.1360760494791,0,90.61000459613706,87.31501866476408,0.0,0,5,1,1,0,14,1.0,0.366683477773847,1,1,0,0,1,0,0,1,1,2
2,48,60.466828899136146,78.03583929882286,17,74.89855248248692,0,1,78.2006811384981,0,85.07622742009124,68.43876303955962,0.0,0,5,1,0,0,14,1.0,0.2139781578067076,1,2,0,0,0,0,0,1,0,2
4,2,88.33064625635872,81.32770188744982,25,88.01536108684323,1,2,2.0163576924166557,1,1.2702443067701095,90.30340167843754,91.18050195816035,0,4,0,1,0,8,2.0,1.9640660462114183,1,1,0,0,1,1,0,1,1,1
4,68,62.24051607379426,88.23570603557276,2,75.06875993330047,1,1,69.08372668813178,1,56.08172113767783,73.10883839726864,94.39413317069302,0,0,0,0,0,2,1.0,75.00010444400804,2,1,0,0,0,1,0,1,0,1
2,74,71.26084046062387,69.13018222762037,25,64.16716761922439,0,2,72.50719608760464,0,46.22187201156321,58.077749845925005,80.92966373999819,0,6,0,1,0,8,1.0,64.9990972460756,1,2,1,0,1,1,0,1,1,0
0,99,78.81220746319367,58.044429552768754,27,74.26877610879723,0,2,1.6253654081805127,0,89.05479271106962,0.0,78.29459847233936,0,7,0,1,0,12,2.0,72.61766085805218,1,1,0,0,1,0,0,3,1,0
2,10,59.48873070096785,46.80814177903041,32,61.325650128985686,0,2,56.789009004930456,0,0.0,62.10951416410976,0.0,0,5,0,1,0,12,1.0,71.5853651086277,2,2,0,0,1,0,0,4,0,0
4,9,58.65226322158555,83.44792349206354,5,73.94608608449079,1,2,0.0,0,0.0,76.4696255782531,82.68745199844903,0,5,0,1,0,11,2.0,2.519904784419605,2,1,1,0,0,1,0,2,0,3
4,99,51.908043174744506,80.43861680095267,26,71.32274847432404,0,2,70.810119913991,0,1.1392720747282543,70.14770625308853,84.82067920950074,0,19,0,1,0,13,1.0,0.0,1,1,1,0,0,1,0,0,1,3
3,73,77.24875894318807,84.54717493987275,23,82.35293843433615,1,2,100.39187263371916,0,98.59363308317236,70.96536500156382,1.1319196300761933,0,7,1,0,0,6,1.0,0.8722215222856905,1,2,0,0,1,1,0,3,0,1
5,99,81.7203341404726,88.85385771400952,26,87.56711679753126,0,0,85.42789772620782,0,0.0,89.48256080263852,86.46298220928556,0,4,0,1,0,13,1.0,4.011615172168905,1,1,0,0,1,1,0,2,0,3
0,47,59.83083097999847,68.72036031330047,27,72.51805763271685,1,2,1.040173350971273,0,1.840693489902431,0.0,74.27015619565762,0,6,0,0,0,9,1.0,78.81744742829314,1,1,1,0,0,0,1,0,0,0
5,67,62.39757182883443,96.98014122644078,36,88.0951300263688,0,2,88.1513831061154,0,2.5785131825877095,85.59950130675304,95.35172698184331,1,0,1,1,0,4,2.0,2.4827665502717737,1,1,0,0,0,1,0,4,0,3
2,99,80.57944701103152,38.97353559330469,25,55.63440026882444,0,2,0.0,1,0.0,52.184584304648155,45.00650686274336,1,4,0,1,0,11,1.0,0.0,2,1,1,0,0,1,0,1,0,1
1,52,80.47621008216946,49.28884961594693,25,71.05804711156779,1,0,87.79866397904215,1,78.9095603950222,59.7877120202747,62.68431473296517,0,6,0,1,0,1,1.0,0.0,0,1,0,0,1,1,0,3,1,2
2,97,97.06162650632186,40.19828001466723,25,60.17095629198243,0,0,75.88782543498252,0,53.24432115602652,53.17913858105647,50.040107073560314,0,6,0,1,0,1,2.0,5.9108029402184235,2,1,1,0,0,0,1,0,1,2
4,36,80.82021111566701,94.81417772401996,25,85.93094210637184,0,2,92.76160674283844,0,0.0,84.9360265032326,83.47292416059159,1,0,0,1,0,15,2.0,0.0,1,1,0,1,0,1,0,2,1,3
5,99,72.00783756302108,61.18918237237847,25,69.26700039133168,1,2,83.21734418993236,0,67.38614855291935,63.09525378224134,74.10995397975792,0,6,0,1,0,5,1.0,0.0,2,1,0,0,0,1,0,0,0,2
5,50,78.8355195978338,79.61610947579463,25,77.378104662211,1,0,76.81454861013088,0,0.0,77.08006097934201,77.41556303793134,0,6,0,1,0,9,1.0,0.0,2,1,1,0,0,1,0,2,1,3
2,38,97.31876510475328,80.10857227584565,25,84.99460891891363,0,0,95.46622124678981,0,0.0,79.63349527225668,82.99325299824393,0,4,0,1,0,0,2.0,0.0,1,1,1,0,0,1,0,1,0,3
1,17,77.98593533290425,83.68484386218417,25,81.8482315753816,0,2,97.1611729598319,0,0.0,87.8291867754962,59.049295690340514,0,0,0,1,0,8,1.0,2.4119511417740243,1,1,1,0,0,1,1,0,1,3
6,99,73.87011598537525,70.16031836433594,0,76.74922964132412,0,0,79.48544753162044,0,84.77800255711642,70.00570641272438,76.56702821969374,0,13,0,0,0,2,2.0,79.9345831304251,1,1,1,0,0,0,0,3,1,2
2,99,90.07040057217124,64.13803676568487,25,79.36270264596072,0,2,80.70517435485445,0,91.94972779852951,74.25335386415037,60.638791570027024,0,13,0,1,0,14,2.0,100.00005985429624,1,1,0,0,0,1,0,1,1,0
5,51,84.19553473066752,97.44667873384945,8,87.4522702650448,0,2,93.33517312124549,0,92.91281785921562,92.65388466407855,91.03934375990067,1,9,0,1,0,2,1.0,79.03361673790073,2,1,0,0,0,1,0,2,1,3
0,53,50.30800414960369,60.36134917144584,26,57.022194576089,0,2,4.262031487149466,0,7.150029418466961,1.2002951737685599,52.668399873526084,0,7,0,0,0,5,1.0,73.87129072207368,1,1,0,0,1,1,0,2,1,0
3,28,72.01271462680333,72.36634925749564,26,73.00934129221551,0,2,91.19948176895305,1,51.103772597530934,51.14940739153357,96.20937308814361,0,13,0,1,0,1,2.0,4.665461067130114,2,1,0,0,0,1,0,3,0,1
4,99,73.78244622351006,89.17927279760326,25,84.08924405627003,1,2,76.13896287794238,1,80.22748503071108,83.3399525156324,87.32679229511935,0,8,0,1,0,8,1.0,4.236635095628449,1,1,0,0,0,1,0,0,0,1
4,67,79.52077675686184,97.67404771891867,25,91.7375865633432,0,2,92.39455095964345,0,94.52101323899689,87.42525119774065,95.01084929022042,0,0,0,0,0,8,2.0,0.0,1,1,0,0,0,1,0,0,1,2
6,99,93.41154234356519,95.38018301669997,25,95.02074472591559,1,0,5.076256090691744,0,93.24168829670812,3.932195244500927,97.372012956939,0,0,1,1,0,9,2.0,0.0,1,1,0,0,0,0,0,2,0,0
0,57,50.76980657456157,76.45104478789825,51,78.53277770688737,1,2,85.18802712304628,0,77.61977062000034,86.73552882051362,81.29795777845486,0,6,0,0,0,10,2.0,72.29405405717296,1,0,0,0,1,1,0,0,0,0
2,99,98.25116499114122,81.05015429149957,33,69.61330378643702,1,0,62.32654493214262,0,80.17038048861616,66.22943781295922,29.841701533055744,1,19,0,0,0,8,1.0,88.97141624492923,1,1,0,0,1,1,0,0,0,1
0,1,78.59632381930253,82.41714807272862,49,89.73606222194326,0,2,0.31873264904080073,0,5.384058848390256,0.0,100.46243879746973,0,0,0,1,0,0,1.0,95.41976069404171,2,1,0,0,1,1,0,4,0,0
5,99,76.42672184514791,96.81054837628572,28,87.4055870177377,1,0,81.17673325661245,1,1.3549502114171292,95.9673759213462,92.15384454199277,1,10,0,1,0,1,2.0,0.0,2,0,1,0,1,1,0,3,1,3
3,19,91.86243534109828,75.98809854492393,25,79.09139540608895,0,2,77.06132991240783,0,71.15503305854054,85.4906604923827,71.20135631409529,0,19,0,1,0,10,1.0,0.0,1,0,1,0,0,1,0,0,1,1
4,76,74.80639426885351,90.67730714894698,25,74.16359286214312,0,2,2.2034815194441384,0,2.7192218470892904,68.2234883168093,65.63735241386595,0,6,0,1,0,10,1.0,7.490804219041743,1,1,0,0,0,0,0,0,1,2
0,56,86.06320799795006,70.33748859792856,25,78.15046167745655,1,2,6.252610131553712,0,0.0,0.0,4.3699747500516315,0,4,1,1,0,8,1.0,1.3322139112280489,1,1,0,0,0,1,0,3,0,0
2,38,75.34284836713759,75.90521437759428,25,74.6300433807746,0,2,62.80770037896678,0,88.19513922803338,61.26666208890864,76.85795887970511,0,4,0,1,0,1,1.0,93.49926748387313,1,1,1,0,0,1,0,0,0,0
5,6,66.28109358528792,80.56832976616212,25,77.51438851121259,1,2,93.52844088607064,0,0.0,96.98389862590301,67.44698045535712,0,0,0,1,0,14,1.0,60.189569394678756,1,1,0,0,0,0,0,1,0,3
4,99,99.57646718074453,93.14326322277188,26,94.70236753222521,1,0,88.1503839309428,0,85.85783882540575,98.87770012574516,100.26806903003518,1,7,0,1,0,0,1.0,4.122584639425507,1,1,1,0,1,1,1,3,1,0
4,99,81.01332939067049,91.80262490805755,26,86.66289276206409,1,2,90.74296449506629,0,0.0,93.30519359769089,74.40858794671897,1,10,0,1,0,11,1.0,0.0,1,1,0,0,0,1,0,3,0,3
4,46,96.88909401794419,99.57834619727288,48,88.67198672639583,1,0,3.3315514881611636,1,4.39668701927551,89.88099746431935,84.97722601684622,0,4,0,1,1,14,1.0,1.883700595770586,1,1,0,0,0,1,0,4,0,1
5,99,42.71560227282654,62.80564879415241,48,63.429321262273454,1,2,42.416855713164765,1,66.94177653816845,71.13048074791718,74.10059979382369,0,6,0,1,1,13,1.0,66.95593632091679,2,2,0,0,0,1,0,1,1,1
4,99,80.38272842195603,90.67199997167188,49,82.52015715639172,1,2,84.83492089284353,0,73.42729245489065,89.38877507445667,0.0,0,11,0,0,0,14,1.0,0.0,1,1,1,0,0,0,1,0,0,1
0,58,67.041641066206,48.803253834685755,49,75.64235838659519,0,2,0.0,0,3.4259186944500195,1.1032885062822795,96.74557583526072,0,7,0,1,0,2,1.0,81.71801967446896,2,1,0,0,0,1,0,1,1,0
4,50,72.26527288185072,91.55703184013674,25,84.60043641595281,1,2,79.28838581611157,0,5.084645384267993,79.68299701674052,97.39716460450829,0,6,0,1,0,14,2.0,0.0,1,1,0,0,1,1,0,1,0,1
3,82,71.17662394382121,56.47251233269769,3,67.74255564395277,0,2,81.05821533133218,1,63.80327504793791,63.03325296557167,0.0,0,17,0,1,1,9,2.0,3.5767510147971455,2,2,0,0,1,0,0,4,1,1
4,38,84.18044629220698,82.03642142763233,25,80.2047713089707,1,2,82.39460289784586,1,0.0,76.48202613061464,88.35424711688871,0,4,0,1,1,11,1.0,0.0,2,0,1,0,0,1,0,3,0,1
3,79,76.31174787980797,61.50208390191322,21,70.66480246435418,0,2,0.0,0,0.0,57.95723429626301,81.24551542691123,0,6,0,1,0,12,1.0,2.534855702414658,1,1,0,0,0,1,0,2,1,1
3,99,71.87478826316523,83.7159523231136,48,77.62696186356565,0,2,90.31218934272576,1,57.48056215091307,78.99945017117827,0.0,0,14,0,1,1,11,1.0,0.64558043731078,2,2,1,0,0,1,0,1,0,1
4,83,65.23176407563065,99.1301385593126,40,76.97927093620052,1,2,85.28762713146632,0,74.58062625202936,57.82543393947193,78.44241449487417,1,7,0,1,0,13,0.0,75.43071667389387,1,2,0,0,0,1,0,1,1,3
4,77,87.5002957011663,99.44694263020952,25,92.14453079895667,0,2,96.5168301803406,1,96.70833539112046,88.99717166784818,90.42859850192109,0,10,1,1,0,8,1.0,2.9268592441045076,1,1,1,0,0,1,0,4,1,2
4,99,74.61570400968834,76.78858258324455,41,72.23989534129184,0,2,82.01536427215466,0,73.40632569080731,79.34722210604434,3.172301430183393,0,6,1,1,0,12,2.0,5.664724976899311,2,2,0,0,0,0,0,4,0,0
6,16,95.31711861115384,94.15355312527282,28,95.88676771916971,0,0,93.90703059462801,0,94.86459695299175,91.09648293520368,98.5331699437811,0,14,0,1,0,8,2.0,0.4154269482737884,1,1,0,0,1,0,0,1,1,2
3,38,91.89952722354528,68.25077136334575,25,79.55865544199855,1,0,0.0,0,0.0,0.0,0.0,1,4,0,1,0,1,0.0,0.4013201552883641,2,1,0,1,0,0,0,2,1,1
2,99,80.73166855875134,96.30561932948255,25,92.7145350710205,0,0,2.05824543203394,0,2.989184786753403,97.7086700128158,3.866304453141157,1,0,1,1,0,1,1.0,3.4092997776917233,1,1,0,0,1,1,0,0,0,1
4,64,64.11696332095252,97.77463408675261,42,90.57152277785084,1,2,96.69664789517513,0,3.632535213594771,87.11089434618422,99.34624279600493,0,4,1,0,0,8,2.0,0.0,1,1,0,0,1,0,0,0,0,3
5,99,79.11391748965994,79.01710978577056,48,80.48662593809756,1,0,80.70249625250409,0,0.0,84.06459516276563,81.82504809622084,0,6,0,0,0,3,2.0,0.0,1,2,1,0,0,1,1,3,0,0
2,18,95.12795422768767,87.61453254505561,4,76.7740764422616,0,2,66.87252649060252,1,0.0,65.12054385847034,62.36439781548562,0,10,0,1,0,8,1.0,0.0,1,1,1,1,1,1,1,4,0,3
2,99,68.00979560185334,80.59895587562173,45,78.88145156823926,1,1,78.13929182846465,0,72.48652987538522,80.39142920960009,1.5284674698481224,0,5,0,1,0,8,0.0,0.0,1,2,1,0,0,1,0,0,0,1
5,99,85.58285464044677,42.15974866029635,25,75.46580683698294,1,0,86.88102440578271,0,73.30454564474313,61.532062901956074,87.5648588458755,0,18,0,0,0,2,1.0,0.0,2,1,0,0,1,1,0,0,0,1
6,99,70.66756942767451,48.55917606957364,25,61.25865204036198,0,2,0.0,0,0.0,1.2182135507408727,0.0,0,13,0,0,0,0,1.0,0.0,1,1,0,0,0,0,0,3,1,1
2,99,95.53886135663093,72.61813708652514,48,83.07253928817289,0,2,1.6795476698815968,0,2.7478511115081012,82.99840027057925,80.09355940798928,0,10,0,1,0,1,1.0,0.0,1,1,1,0,1,0,0,1,1,1
6,99,90.9143918381422,73.04058802478293,25,81.30414169931379,0,2,75.43864564202397,0,85.47375767896862,83.19981077624354,79.8364177205636,1,6,0,1,0,10,2.0,79.71037442962162,2,1,1,0,0,0,1,4,0,0
3,93,87.03445487830453,83.87776618989129,6,83.43775154542257,1,2,2.528167373774575,0,4.1037808279020185,2.2108650948108783,77.16781840892133,0,7,0,0,0,1,1.0,77.33157960978447,1,1,0,0,0,1,0,2,1,1
0,34,71.8699895667144,91.52051176797173,25,85.01101063274496,1,2,85.7059689208597,0,82.58743318523575,80.54361189725155,5.618997619187363,0,18,0,1,0,14,1.0,2.1405769399600096,1,2,0,0,0,0,0,3,1,0
3,22,78.85334673866383,58.39843828029689,48,72.67811836780766,1,2,77.42376947570756,1,63.502665363345194,78.52380757164855,78.20649576183372,0,13,0,0,0,14,1.0,3.8001590445417452,1,1,1,0,0,1,1,3,0,1
2,4,69.86595046622605,87.20854927406747,26,81.61915371161588,1,2,83.24754609136234,0,82.9672900639383,77.25627434448653,83.39669900789794,1,6,0,1,0,8,2.0,0.0,1,1,1,1,1,0,0,1,1,2
3,99,90.56879661137275,60.76742595737112,25,81.93848305856159,0,2,0.0,0,0.0,0.0,89.9360210826188,0,0,0,1,0,11,2.0,89.14054301462807,1,1,1,0,1,1,1,1,1,0
4,99,63.943818346530236,88.35321443687656,16,87.39209978165722,0,0,88.81739474518189,1,90.28477027487193,93.42944288831389,85.171292667311,1,4,1,1,1,8,2.0,0.6117900943276285,2,1,1,1,1,0,1,4,1,3
6,0,78.97030040096017,77.94987562343933,8,90.49710252652241,0,2,102.40874534135361,0,99.82520726882555,99.85881028039155,0.0,0,1,1,1,0,8,1.0,0.0,1,1,0,0,0,1,0,2,0,2
3,99,68.94559363766795,83.384407765798,26,75.80351014573672,0,2,84.87581948541887,0,83.27327104114296,59.969458858448434,0.0,0,6,0,1,0,8,2.0,0.0,2,2,0,0,1,0,1,1,1,1
5,85,48.97456527777125,81.4697797883845,26,75.26400984034274,0,2,88.019298772611,0,0.0,90.88529414847324,68.81797982052301,0,0,0,1,0,0,1.0,0.0,1,1,0,0,0,0,0,0,0,3
5,85,53.45074834319218,49.97465237618075,48,64.45208648766969,1,2,63.857657218539124,0,69.90977137613585,75.35083104955051,8.66719619511147,1,0,0,1,0,12,2.0,1.4239781959737476,2,2,1,0,0,0,0,4,0,0
6,99,88.07891113630782,82.89217278572224,44,90.88742317692616,1,2,91.51623967426443,0,86.77825796350263,0.0,1.656367496627198,1,0,1,1,0,8,1.0,7.962053424340291,1,1,1,0,0,0,0,1,0,0
3,15,85.69485696406467,102.29522208223321,25,90.72906796334104,0,2,85.14826165155635,0,8.326422593112556,88.51514655471442,95.44225398500933,0,18,0,1,0,7,1.0,0.0,1,1,0,0,1,1,0,1,1,2
3,66,62.73650132360569,71.3902289089112,56,77.16055992808496,0,2,78.61372070160482,1,80.09285563100606,84.33541182133087,80.6971601582123,0,0,0,1,1,13,2.0,73.85552415678026,2,1,1,0,0,1,0,1,0,1
3,7,68.21049354798542,60.73827354521997,48,73.60741884691889,1,2,74.7629224240151,1,77.63655919967574,65.1050120140965,92.05739627839164,1,3,0,1,0,13,2.0,66.72861855558804,2,1,1,0,1,1,0,0,0,1
2,44,80.85285762362375,68.56487362248664,48,75.21663073248996,0,2,0.0,1,0.0,80.70188223857514,73.69650829394119,0,4,0,1,1,13,2.0,3.7060945687155935,2,1,0,0,0,1,0,3,0,1
5,99,93.57176570306207,87.74656197427011,7,85.71510103209016,0,2,0.0,0,2.160027569697515,0.0,88.03675461354045,0,10,0,1,0,11,1.0,2.101153216100785,1,1,0,0,0,1,0,3,1,2
1,40,96.99443646991894,100.33851523017178,48,89.73071282365805,0,0,82.53676209011431,0,89.20553206032994,75.5904590953827,0.0,0,5,1,1,0,9,2.0,0.0,1,1,0,0,0,0,0,2,0,2
3,54,47.648938891553506,97.15076576874445,30,81.16599702017429,1,2,0.0,1,0.0,90.38895654191599,86.1851671245691,0,4,0,1,1,10,1.0,3.4616739225559705,1,0,0,0,0,1,0,3,0,1
4,99,59.59062276956856,68.88885370957297,48,67.62817355586188,1,2,0.0,0,0.0,67.8444452548436,1.3805630724627806,0,6,0,1,0,13,1.0,0.0,2,1,0,0,0,1,0,3,0,3
0,0,37.50903794642605,48.41384938936584,48,58.90485866364394,0,2,57.53930813167888,1,59.145376818086575,61.5714647303857,74.22504150651936,0,10,0,1,0,8,0.0,48.07834949646673,2,1,0,0,0,1,0,1,0,1
4,35,89.26844617527732,91.09482986300907,52,91.67111383693414,0,2,0.0,0,1.4906489204980666,0.0,0.0,0,4,0,1,0,9,2.0,5.100205455740959,1,0,1,0,0,0,0,3,0,2
3,61,88.38060877488634,96.78461499221862,26,92.55900255895922,0,2,0.0,0,0.4371696826794773,96.20537077213203,91.05178632411965,0,22,0,1,0,8,1.0,6.432120839364088,1,1,0,0,0,0,0,1,1,1
4,99,70.49121911614087,99.96888024371209,54,90.54828259565646,0,2,88.13853822982534,0,107.89118053093539,103.35035172786516,90.40142469370917,0,0,0,0,0,6,1.0,95.34491195400493,2,1,0,0,1,0,0,1,0,0
4,78,76.95381011341408,91.9106870691185,25,81.33723706147005,1,0,95.2196745537466,0,72.95375482588504,72.53176439306301,0.018884776453908483,0,6,0,1,0,12,1.0,78.50160225109832,1,2,0,0,0,1,0,4,1,1
3,38,78.10407709063172,96.1963494721714,38,81.65900324899903,1,0,81.96193636623723,0,88.19294537387503,69.68804254851975,81.4945181402398,0,0,1,1,0,12,2.0,97.27622128313212,1,2,1,0,1,1,0,2,0,2
2,99,91.54999855022686,88.87830603792575,54,79.08597807127136,0,1,80.57779404047719,0,78.11965947256223,79.62361405695447,76.0315421387863,1,18,0,0,0,13,1.0,61.74873519220327,1,0,0,1,0,0,0,0,0,3
4,99,66.93283783707116,74.37061275246214,13,66.86492621624288,1,2,53.83636207251074,1,64.32481918284476,65.88723318103688,69.5591995185821,0,18,0,1,0,8,2.0,68.95990389755619,2,1,0,0,1,0,0,1,0,0
5,13,61.316803888457095,80.19793296721667,1,61.09590583914608,1,2,62.29917559719259,0,78.92555313560692,42.395987459348326,43.0017184853247,1,0,0,1,0,12,2.0,59.719916825118055,1,1,0,1,0,1,0,1,0,3
1,8,66.61525867933815,55.321731799826196,25,62.51046239726659,0,1,78.79438922513887,0,85.83748387699373,39.98153005235345,29.127486427185282,0,5,0,0,0,9,1.0,74.29349205887858,1,1,0,0,0,1,0,0,0,1
2,42,65.65151828517062,63.35422226767456,25,63.236332282159914,0,2,53.27382476306151,0,55.743670083764336,48.25112166394109,47.07990951002554,0,14,1,0,0,9,2.0,94.77662864484094,1,1,1,0,0,1,1,0,0,0
3,99,84.84721580479727,89.35221888882224,54,83.07695418977441,0,2,82.78449187136823,1,88.4715829883606,87.71806885249717,70.57906957711874,0,6,0,1,0,0,1.0,62.868183845757045,2,1,0,0,0,1,0,1,0,1
6,8,72.80198646401601,63.74486717190142,25,77.16175080008351,0,2,72.02463564691443,0,77.24632118544648,68.70394946706574,82.29891697125106,0,5,1,1,0,6,2.0,95.26555727703153,1,1,0,0,0,1,0,1,0,2
3,90,79.65042674384566,77.24648182313965,54,85.87924637592556,1,2,89.78702741285987,0,87.40390405850103,86.45787193666197,93.31967841583759,0,5,0,1,0,0,1.0,77.10803862215924,1,2,0,0,0,0,0,0,1,1
4,99,63.68695601516466,74.43549379164725,25,70.59884510369724,0,2,83.10466784585874,0,77.68852801149671,74.94017973364399,72.85406188432326,0,6,0,0,0,10,2.0,61.70686809099162,1,2,0,0,1,1,0,1,0,0
6,42,70.74771752823713,60.71076737427992,25,63.63098098425177,1,0,58.03191315123393,0,52.06101930674343,80.92017971785062,64.5239101532136,0,13,0,0,0,2,2.0,65.42165501561846,0,1,0,0,1,1,0,0,1,3
0,11,70.90887890245789,81.12247313720353,42,72.91754579545554,1,2,57.79214360207044,0,51.52204254739756,75.95862931759794,87.5409516648273,1,4,0,1,0,3,1.0,97.92948839898753,1,2,0,0,0,1,0,3,1,0
0,89,66.93508074388922,75.60244292921848,11,71.7116495157088,1,2,59.69339459530971,0,64.29218096895201,83.06605550990487,69.79408691268793,0,18,1,1,0,0,0.0,85.37655476784522,1,1,0,0,0,0,0,1,0,0
2,92,94.79931671527935,89.26829084573487,11,71.14987209331842,1,0,51.14621029643363,0,42.550621968134635,80.66917827385755,91.12010429274724,0,24,0,1,0,10,2.0,50.11531078741006,2,0,1,0,0,1,1,3,0,1
5,84,87.07487523654005,79.75002322143825,11,71.0532348357965,1,2,10.215628295062142,0,0.0,83.09954016487336,37.22738006918944,0,23,0,1,0,9,1.0,69.74129022211314,1,1,0,0,0,0,0,0,1,3
6,30,55.39787798334103,87.7285822153803,25,79.8255875186213,0,0,71.82724583505623,0,70.81262753159845,65.2877242001515,92.87336325752347,0,5,1,1,0,12,1.0,92.5396709922983,0,1,0,0,1,1,0,2,1,3
4,32,70.60629095629142,80.22200637022794,1,59.67750859424868,1,2,50.345449616024545,0,76.00742371424688,59.90761980151265,49.127572217483134,1,0,0,1,0,8,1.0,40.20153830915144,1,1,0,1,0,0,0,1,0,3
6,98,69.50158067770808,60.29250927135344,54,62.356972496321845,1,1,68.74979440359103,0,47.8708942571063,68.70592302410437,0.2705906654470733,0,5,1,0,0,2,1.0,2.9100215278509767,1,2,0,1,0,0,0,3,0,3
0,99,91.46545260051795,76.79898155790448,14,73.62163691457125,1,0,0.0,0,6.637043151728191,70.62806409742059,43.83574822059233,0,18,0,1,0,11,2.0,88.2523554518313,2,0,0,0,0,0,0,1,0,0
2,99,97.03328303793928,98.87557887878035,39,99.42084578587728,0,0,98.19148071162277,0,100.01842524801619,98.98999129157932,95.83401064434666,0,6,0,0,0,9,1.0,96.91393443197258,2,1,1,0,0,1,0,2,0,0
6,65,76.86253521568906,81.20161456607207,48,76.62602356303584,1,0,64.83038491850668,1,76.96275938898435,72.36819813112456,91.978103393929,0,18,1,1,0,3,1.0,75.1263262165253,1,1,0,0,0,1,0,1,0,1
5,99,88.80929903795409,66.19122605984252,12,67.0575952336607,1,0,0.0,0,6.860098293517604,65.67602161878627,39.83646539862796,0,6,0,1,0,10,1.0,77.21911840343287,2,1,0,0,0,0,0,0,1,1
6,85,80.33798548559405,99.34769981846966,22,84.26838280943872,0,2,93.43033995645844,0,89.04268651459591,72.45272731941247,63.50561452890139,0,0,1,1,0,5,1.0,94.16738138083134,0,1,0,0,0,1,0,2,0,2
2,91,79.36144646950439,51.750036963916564,25,70.9008160387394,0,2,47.89813116674202,0,79.64854252651621,70.28079846519495,73.90977254295814,0,6,0,0,0,5,2.0,95.71988146118673,1,2,0,0,0,1,0,0,1,0
0,3,53.86297153729603,52.255652102649684,54,68.40645975433614,0,2,86.64925355239919,0,81.7744887863842,40.5750369688267,63.933784414395475,0,6,0,0,0,7,2.0,98.75444070864492,1,1,0,0,0,1,0,3,1,0
2,81,68.47521814416224,60.80410288677241,25,64.4054913818237,1,2,60.575622388444174,0,62.932813867030596,72.0933676337605,0.6945899249728731,0,6,0,1,0,6,1.0,0.0,2,2,0,0,1,1,0,0,1,1
1,70,77.96437487786184,98.72495631152732,25,83.5602232806421,0,0,62.67796209877748,0,88.84937273535175,88.01253646465784,76.4516487073879,0,6,0,0,0,12,1.0,84.80955164301689,0,1,1,0,1,1,1,2,1,2
2,99,94.63598018592057,96.24464743330257,25,95.38320791562069,0,2,1.5539604770034516,0,0.0,2.792731041919231,0.16522353258729702,0,6,0,1,0,10,1.0,0.0,1,1,1,0,0,1,1,1,0,0
6,45,78.72762277914651,101.47152292419345,42,81.45539409043731,1,0,67.41672638596917,0,64.60673654390868,86.68362426860173,90.2504813071994,0,4,0,1,0,11,2.0,81.395344277503,1,2,0,0,1,1,0,2,0,2
4,99,77.72884148930846,81.27598083750861,26,75.56185235752305,1,2,63.97535735355374,0,66.39258210372184,81.82208710329994,1.3185858572267815,1,12,0,1,0,10,2.0,0.0,1,1,0,0,0,1,0,0,1,3
0,99,78.15115378211625,81.94924497561583,53,78.88993977541408,0,2,1.8235686914719194,0,0.0,0.0,85.98749483233024,0,6,0,1,0,9,2.0,79.50882310772539,1,1,1,0,0,1,0,0,0,0
0,99,74.84125084820147,80.77410178885013,19,84.06320242401813,1,2,1.3953318756809636,1,6.495836046399775,0.0,101.76395268211273,0,5,0,1,0,10,1.0,3.2279415240056846,1,0,1,0,1,0,0,2,1,1
4,99,53.609697857813046,84.50041582563175,25,78.21562350651242,1,2,77.54236541137168,0,72.61893764213656,84.33125114785014,84.17449553405083,0,4,0,1,1,13,2.0,94.36777989734786,1,1,0,0,0,1,0,0,0,3
6,27,72.54803901650223,84.47166609482484,45,80.77960114735332,0,2,87.01771056079352,0,69.43312238525297,79.98641955918744,4.3137698475301125,0,5,0,1,0,14,1.0,0.3398684408259957,2,1,1,0,0,0,0,2,0,2
4,69,80.49870762718798,75.41400975514449,46,70.16195000662326,1,2,67.70289299737256,0,65.55872584561808,74.17107682545804,65.70043495601341,1,0,0,1,0,10,1.0,0.24944305269289857,1,1,0,1,0,1,0,0,0,3
0,99,79.97777004710717,74.50988076527264,25,79.24913818764206,1,2,0.0,0,1.3985240705324775,0.0,78.58211587083821,0,10,0,1,0,10,2.0,77.44505349506696,1,1,0,0,1,1,0,0,1,0
0,101,85.95258969761791,84.46621798137583,25,73.49696586054662,0,2,0.7436312361489198,0,0.0,0.0,55.2637027431721,1,16,0,1,0,8,1.0,3.4222677510439783,1,0,1,1,0,0,1,2,0,2
2,38,73.94470472600042,60.55206301063972,25,74.6949329065745,0,2,73.70500285277923,0,85.70192908038152,65.01802615496958,79.02623470155973,0,1,1,1,0,3,0.0,77.65406005979969,1,1,0,0,0,0,0,0,0,2
2,0,74.29568692356295,84.66006702964583,48,79.81036124584084,0,2,85.8465335584145,1,87.21639652598961,75.56278013330503,0.0,0,7,0,0,1,12,1.0,0.40987831562524024,2,2,1,1,0,1,1,0,0,1
4,99,49.67423777046133,68.52694282163449,20,65.30246925665365,0,2,66.3971810961884,1,1.9289347538712385,60.35019335382326,2.7873683817233528,0,2,0,0,1,12,2.0,84.32899928678043,2,2,1,0,0,1,0,2,0,1
3,49,92.96988013359514,99.81174549670482,26,96.13176425920923,1,2,0.0,0,0.0,93.18599942743492,97.88428735701287,0,6,0,1,0,9,0.0,93.26410732709583,1,1,0,0,0,0,0,0,1,1
2,41,74.60995254218464,63.75728706951054,58,71.60093912889491,0,2,88.73891820032856,1,62.94276383231314,69.76554006473333,66.94943774939792,0,8,0,1,0,0,1.0,80.93033034686874,1,1,1,0,0,0,0,1,0,3
6,99,81.94994447970524,88.1492425794981,28,81.74521254057471,1,0,93.30089383017436,0,80.49037074193797,67.70057692528745,93.03193500741085,0,4,0,1,0,15,1.0,0.0,1,0,1,0,1,1,0,0,1,2
5,99,92.17813149237487,87.6876483181992,50,95.2586009441633,0,2,87.1260814916831,0,101.16901487788046,96.94603090012629,94.30131870047941,0,1,0,1,0,8,2.0,0.6701384360405992,1,1,1,0,0,0,0,0,0,1
6,23,83.98847938657134,91.36010757657657,25,88.76060195054676,1,2,0.0,1,0.0,0.0,0.0,0,13,0,1,1,11,1.0,0.0,1,0,0,0,0,1,0,0,0,0
4,99,94.55192032867446,91.43359574887496,25,92.1537315318041,1,2,0.0,0,1.2987087485904805,0.0,0.0,0,13,0,1,0,6,2.0,0.0,1,1,0,0,0,1,0,1,1,0
2,99,56.16055441746154,49.4044878578578,47,60.737615123971615,0,1,58.37656691514528,0,70.47426544965454,51.127523895560664,4.182459322824739,0,6,0,1,0,13,1.0,0.0,1,1,0,0,0,1,0,0,1,0
6,37,71.26784003620962,83.65650375088318,59,85.05876276402081,0,0,73.93956492593283,1,86.5519865763883,89.3534580894234,95.01140877333587,0,6,0,1,0,14,1.0,1.1269645448394892,1,1,0,0,1,1,0,2,1,2
4,99,85.18271512898221,93.3124598358508,25,86.11753228119846,0,1,96.22644391287827,0,88.46770239353128,82.82865770551471,95.44451021251102,0,4,0,1,0,14,1.0,81.66203977393761,1,1,1,0,0,1,0,0,0,0
3,99,70.47373526143195,69.63975524544827,26,77.1415592761696,1,2,72.24685118433864,1,78.66087044921684,81.00539424388867,75.06998547341898,0,20,0,1,1,4,1.0,1.796060224421769,1,1,0,0,0,1,0,0,0,1
4,72,91.67167179155369,98.2056176577472,37,95.74861715580633,1,2,6.776982873707158,0,0.0,3.060682149893772,4.005911905282253,0,14,0,1,0,2,1.0,0.0,1,1,1,0,0,1,0,4,1,3
3,12,95.93193032942479,92.71119899767312,10,95.52991448405244,1,2,94.6042866741199,0,88.22620120227066,96.09606947644764,105.00751897087503,1,18,0,1,0,12,1.0,4.11642535635646,0,0,0,0,0,0,0,2,0,3
4,50,97.95766549319542,97.0556050800123,37,97.47085466997979,1,2,4.424449364990365,0,9.711577275131765,0.0,0.0,0,14,0,1,0,2,1.0,0.0,1,1,1,0,0,1,0,4,1,3
5,99,51.04027385255212,61.20250961731993,43,65.20504168177014,1,2,0.0,1,5.043424121337889,90.29046060077503,55.11996924047824,0,4,0,1,0,8,2.0,0.0,2,0,0,0,0,0,0,0,0,1
5,86,97.17683264713742,95.02746399728865,9,95.25864792405568,1,2,98.83395118544931,0,96.20939612557392,92.9366491281608,85.57930307690101,0,0,1,0,0,3,1.0,4.913821236418752,1,1,0,0,0,0,0,3,1,3
4,55,75.31731969782071,89.74340173571743,15,89.43319462703398,1,2,96.67108230490324,0,97.4163903102449,89.00116540260707,83.54082894189153,0,4,0,1,0,14,1.0,0.0,1,1,0,0,1,1,0,1,0,3
5,3,88.89630352127932,39.791833111834585,55,69.46357594670428,0,2,73.16149918647767,0,93.04974053690766,78.16441053730428,42.85496533653419,0,6,0,0,0,4,2.0,7.719793571609566,1,1,1,0,0,0,1,3,0,0
4,26,63.83073647145721,77.10494866394002,34,73.62302947685367,1,2,77.60418761289884,0,79.49842838322584,66.94567042089626,67.84288433825262,0,22,0,1,0,4,1.0,8.59476888144378,2,1,0,0,0,0,0,0,0,3
2,65,81.70381211382822,71.48036510727714,25,80.19412391827768,0,2,80.6852933130459,0,4.90494151516103,93.47200973175035,70.34284190692877,1,6,0,1,0,8,1.0,0.0,1,1,1,1,0,0,1,0,0,3
4,87,82.92645658750959,72.67060086996258,26,76.72170517245713,0,2,60.175176788520794,0,4.967745129087836,98.89841523578232,75.92239369742428,0,0,1,1,0,14,2.0,0.0,1,1,0,0,0,1,1,4,0,3
4,99,93.10074668321305,99.51192095047955,25,93.12464154105051,0,0,90.5858788495681,1,84.6301334582463,103.28013965478056,96.82173572457147,1,8,0,1,1,1,1.0,2.2372343045556207,1,0,1,0,0,1,1,1,1,1
6,105,87.22590456295599,84.76489445764658,25,86.21960448057087,1,2,86.15106624331197,0,87.34526383344351,85.52848779794813,97.49024431800743,0,6,0,0,0,4,2.0,5.747730253439991,1,1,0,0,0,1,0,0,1,1
2,99,88.70602426033092,74.60913746990688,26,85.01325979548469,1,2,86.06320421336858,0,0.0,91.02332767331178,82.70744756750813,1,4,0,1,0,14,1.0,1.539434352954992,2,1,0,0,0,1,0,0,0,3
6,99,97.83335040585806,99.16744221204867,25,96.78610908302313,1,2,100.50476440875332,0,0.0,95.5709846723012,90.54178924587998,0,18,0,1,0,8,1.0,0.15034819607570993,1,0,0,0,0,1,0,1,1,3
6,99,63.95300467952917,86.08781244447188,26,86.78378868315447,0,2,97.46926720959259,0,94.72055235849415,97.93556878219489,80.18331459684194,1,5,0,1,0,9,2.0,0.08239112857619481,1,1,0,0,0,0,0,1,0,3
2,94,76.96071215583483,83.11228668994981,25,58.5815485850376,1,2,53.27450902398373,1,52.08223899958246,34.37615034239274,64.94815313071263,0,21,0,1,1,9,1.0,0.0,2,1,1,0,0,0,0,1,0,0
4,29,67.77676585699466,96.35452197602748,25,85.84355380918767,0,2,85.42998479391076,0,1.3906377019806797,101.77638260423284,93.43610507801091,0,9,0,1,0,11,1.0,3.1596592476076877,1,0,1,0,0,1,0,0,1,3
0,5,73.64969049952728,79.43275907273704,29,61.878324520317626,0,1,42.28223170470695,0,30.405590456463564,58.016616017236196,64.43701638961802,0,14,0,1,0,1,2.0,81.41871465909888,2,1,1,0,0,1,1,3,1,0
5,83,77.02439076001097,85.8546426115182,26,82.686883011196,1,2,4.483824319005095,0,2.214844349884718,6.499957560175562,7.395351303001985,0,14,0,1,0,10,0.0,5.886669106892803,1,1,1,0,1,1,1,1,0,3
6,43,89.2587553981298,86.36817493821756,25,86.9267848790071,1,2,0.0,1,0.0,1.9837840042461867,0.0,0,4,0,1,0,3,2.0,1.8736870781869628,1,0,1,0,1,0,0,2,1,3
4,99,75.69286913025358,90.87021907744662,25,87.51761366422352,0,2,0.0,0,3.167641240428657,0.0,91.71774302387634,0,8,0,1,0,1,2.0,101.08752611572864,1,1,0,0,1,1,0,2,1,0
